year,state_po,candidate,party,candidatevotes,totalvotes,portionvotes
1976,AL,"Carter, Jimmy",democrat,659170,1182850,0.5572726888447394
1976,AL,"Ford, Gerald",republican,504070,1182850,0.42614870862746757
1976,AK,"Ford, Gerald",republican,71555,123574,0.5790457539611893
1976,AK,"Carter, Jimmy",democrat,44058,123574,0.3565313091750692
1976,AZ,"Ford, Gerald",republican,418642,742719,0.5636613577948053
1976,AZ,"Carter, Jimmy",democrat,295602,742719,0.39799978188251545
1976,AR,"Carter, Jimmy",democrat,498604,767535,0.6496172812966184
1976,AR,"Ford, Gerald",republican,267903,767535,0.3490433661005687
1976,CA,"Ford, Gerald",republican,3882244,7803770,0.4974831395594693
1976,CA,"Carter, Jimmy",democrat,3742284,7803770,0.47954821836112543
1976,CO,"Ford, Gerald",republican,584278,1081440,0.5402777777777777
1976,CO,"Carter, Jimmy",democrat,460801,1081440,0.4260994599792869
1976,CT,"Ford, Gerald",republican,719261,1386355,0.5188144450735923
1976,CT,"Carter, Jimmy",democrat,647895,1386355,0.46733700964038793
1976,DE,"Carter, Jimmy",democrat,122461,235642,0.5196908870235357
1976,DE,"Ford, Gerald",republican,109780,235642,0.46587620203529084
1976,DC,"Carter, Jimmy",democrat,137818,168830,0.8163122667772316
1976,DC,"Ford, Gerald",republican,27873,168830,0.16509506604276492
1976,FL,"Carter, Jimmy",democrat,1636000,3150631,0.5192610623078361
1976,FL,"Ford, Gerald",republican,1469531,3150631,0.46642434483758966
1976,GA,"Carter, Jimmy",democrat,979409,1463152,0.6693829485931742
1976,GA,"Ford, Gerald",republican,483743,1463152,0.3306170514068258
1976,HI,"Carter, Jimmy",democrat,147375,291301,0.5059199934088795
1976,HI,"Ford, Gerald",republican,140003,291301,0.48061283689379714
1976,ID,"Ford, Gerald",republican,204151,340932,0.5988026937923104
1976,ID,"Carter, Jimmy",democrat,126549,340932,0.37118545633733413
1976,IL,"Ford, Gerald",republican,2364269,4721282,0.5007684353529401
1976,IL,"Carter, Jimmy",democrat,2271295,4721282,0.48107590268914247
1976,IN,"Ford, Gerald",republican,1183958,2220362,0.5332274647107094
1976,IN,"Carter, Jimmy",democrat,1014714,2220362,0.45700385792947273
1976,IA,"Ford, Gerald",republican,632864,1279303,0.49469437654722925
1976,IA,"Carter, Jimmy",democrat,619931,1279303,0.48458496540694423
1976,KS,"Ford, Gerald",republican,502752,957845,0.5248782423043394
1976,KS,"Carter, Jimmy",democrat,430421,957845,0.44936393675385894
1976,KY,"Carter, Jimmy",democrat,615717,1167142,0.5275424926872652
1976,KY,"Ford, Gerald",republican,531852,1167142,0.45568748275702525
1976,LA,"Carter, Jimmy",democrat,661365,1277383,0.5177499622274604
1976,LA,"Ford, Gerald",republican,587446,1277383,0.45988243150253294
1976,ME,"Ford, Gerald",republican,236320,482968,0.489307780225605
1976,ME,"Carter, Jimmy",democrat,232279,482968,0.480940766261947
1976,MD,"Carter, Jimmy",democrat,759612,1432273,0.5303541992343639
1976,MD,"Ford, Gerald",republican,672661,1432273,0.46964580076563617
1976,MA,"Carter, Jimmy",democrat,1429475,2547558,0.5611157822510813
1976,MA,"Ford, Gerald",republican,1030276,2547558,0.40441709276098914
1976,MI,"Ford, Gerald",republican,1893742,3651590,0.518607510700818
1976,MI,"Carter, Jimmy",democrat,1696714,3651590,0.46465074118397737
1976,MN,"Carter, Jimmy",democrat,1070440,1949931,0.5489630145887213
1976,MN,"Ford, Gerald",republican,819395,1949931,0.4202174333348206
1976,MS,"Carter, Jimmy",democrat,381329,768390,0.4962701232447065
1976,MS,"Ford, Gerald",republican,366846,768390,0.4774216218326631
1976,MO,"Carter, Jimmy",democrat,998387,1953600,0.5110498566748567
1976,MO,"Ford, Gerald",republican,927443,1953600,0.47473536036036035
1976,MT,"Ford, Gerald",republican,173703,328734,0.5283998612860246
1976,MT,"Carter, Jimmy",democrat,149259,328734,0.4540418697183741
1976,NE,"Ford, Gerald",republican,359219,606749,0.5920388826351588
1976,NE,"Carter, Jimmy",democrat,233293,606749,0.38449671940126806
1976,NV,"Ford, Gerald",republican,101273,201876,0.5016594345043492
1976,NV,"Carter, Jimmy",democrat,92479,201876,0.4580980403812241
1976,NH,"Ford, Gerald",republican,185935,339627,0.5474682519352113
1976,NH,"Carter, Jimmy",democrat,147645,339627,0.43472692100451377
1976,NJ,"Ford, Gerald",republican,1509688,3014472,0.500813409446165
1976,NJ,"Carter, Jimmy",democrat,1444653,3014472,0.4792391503387658
1976,NM,"Ford, Gerald",republican,211419,416590,0.5074989798122854
1976,NM,"Carter, Jimmy",democrat,201148,416590,0.4828440433039679
1976,NY,"Carter, Jimmy",democrat,3244165,6668262,0.4865083285569763
1976,NY,"Ford, Gerald",republican,2825913,6668262,0.4237855381207277
1976,NC,"Carter, Jimmy",democrat,927365,1677906,0.5526918671248569
1976,NC,"Ford, Gerald",republican,741960,1677906,0.4421940204040036
1976,ND,"Ford, Gerald",republican,153684,297308,0.5169184818437446
1976,ND,"Carter, Jimmy",democrat,136078,297308,0.4577004318753616
1976,OH,"Carter, Jimmy",democrat,2009959,4110456,0.4889868666639419
1976,OH,"Ford, Gerald",republican,2000626,4110456,0.48671631565938184
1976,OK,"Ford, Gerald",republican,545708,1092251,0.4996177618514426
1976,OK,"Carter, Jimmy",democrat,532442,1092251,0.48747220190231
1976,OR,"Ford, Gerald",republican,492120,1029876,0.4778439346096035
1976,OR,"Carter, Jimmy",democrat,490407,1029876,0.47618062757069785
1976,PA,"Carter, Jimmy",democrat,2328677,4620787,0.5039567935072532
1976,PA,"Ford, Gerald",republican,2205604,4620787,0.4773221531310575
1976,RI,"Carter, Jimmy",democrat,227636,410584,0.5544200455935935
1976,RI,"Ford, Gerald",republican,181249,410584,0.4414419461060343
1976,SC,"Carter, Jimmy",democrat,450807,802583,0.5616951766982355
1976,SC,"Ford, Gerald",republican,346149,802583,0.43129371043244125
1976,SD,"Ford, Gerald",republican,151505,300678,0.5038779026067753
1976,SD,"Carter, Jimmy",democrat,147068,300678,0.48912125263570994
1976,TN,"Carter, Jimmy",democrat,825879,1476346,0.5594074830696869
1976,TN,"Ford, Gerald",republican,633969,1476346,0.4294176297426213
1976,TX,"Carter, Jimmy",democrat,2082319,4071884,0.511389568072175
1976,TX,"Ford, Gerald",republican,1953300,4071884,0.4797042351894111
1976,UT,"Ford, Gerald",republican,337908,541218,0.6243473055219892
1976,UT,"Carter, Jimmy",democrat,182110,541218,0.3364817873758818
1976,VT,"Ford, Gerald",republican,100387,183902,0.5458722580504834
1976,VT,"Carter, Jimmy",democrat,77798,183902,0.42304053245750456
1976,VA,"Ford, Gerald",republican,836554,1697094,0.4929332140706408
1976,VA,"Carter, Jimmy",democrat,813896,1697094,0.47958215632133516
1976,WA,"Ford, Gerald",republican,777732,1555534,0.49997749968821
1976,WA,"Carter, Jimmy",democrat,717323,1555534,0.46114260440466104
1976,WV,"Carter, Jimmy",democrat,435864,750590,0.5806951864533234
1976,WV,"Ford, Gerald",republican,314726,750590,0.4193048135466766
1976,WI,"Carter, Jimmy",democrat,1040232,2101336,0.4950336357441171
1976,WI,"Ford, Gerald",republican,1004987,2101336,0.4782609730190698
1976,WY,"Ford, Gerald",republican,92717,156343,0.5930358250769142
1976,WY,"Carter, Jimmy",democrat,62239,156343,0.39809265525159426
1980,AL,"Reagan, Ronald",republican,654192,1341929,0.4875012016284021
1980,AL,"Carter, Jimmy",democrat,636730,1341929,0.47448859067804633
1980,AK,"Reagan, Ronald",republican,86112,158445,0.5434819653507527
1980,AK,"Carter, Jimmy",democrat,41842,158445,0.2640790179557575
1980,AK,"Clark, Edward """"Ed""""",libertarian,18479,158445,0.1166272208021711
1980,AZ,"Reagan, Ronald",republican,529688,873945,0.6060884838290739
1980,AZ,"Carter, Jimmy",democrat,246843,873945,0.28244683589928427
1980,AR,"Reagan, Ronald",republican,403164,837582,0.4813427222648051
1980,AR,"Carter, Jimmy",democrat,398041,837582,0.4752263062004675
1980,CA,"Reagan, Ronald",republican,4522994,8582938,0.5269750288304541
1980,CA,"Carter, Jimmy",democrat,3082943,8582938,0.35919436910764124
1980,CO,"Reagan, Ronald",republican,652264,1184450,0.5506893494871037
1980,CO,"Carter, Jimmy",democrat,368009,1184450,0.3107003250453797
1980,CO,"Anderson, John B.",national unity campaign,130633,1184450,0.11029000802060028
1980,CT,"Reagan, Ronald",republican,677210,1406285,0.4815595700729226
1980,CT,"Carter, Jimmy",democrat,541732,1406285,0.3852220566954778
1980,CT,"Anderson, John B.",anderson coalition,171807,1406285,0.12217082597055362
1980,DE,"Reagan, Ronald",republican,111252,235668,0.47207087937267683
1980,DE,"Carter, Jimmy",democrat,105754,235668,0.4487414498362103
1980,DC,"Carter, Jimmy",democrat,130231,173889,0.7489317898199426
1980,DC,"Reagan, Ronald",republican,23313,173889,0.134068284940393
1980,FL,"Reagan, Ronald",republican,2046951,3686927,0.5551916270650328
1980,FL,"Carter, Jimmy",democrat,1419475,3686927,0.38500219830769633
1980,GA,"Carter, Jimmy",democrat,890955,1596805,0.5579610534786652
1980,GA,"Reagan, Ronald",republican,654168,1596805,0.409673065903476
1980,HI,"Carter, Jimmy",democrat,135879,303287,0.4480211812573569
1980,HI,"Reagan, Ronald",republican,130112,303287,0.42900618885741887
1980,HI,"Anderson, John B.",independent,32021,303287,0.10557986329780043
1980,ID,"Reagan, Ronald",republican,290699,437431,0.6645596676961624
1980,ID,"Carter, Jimmy",democrat,110192,437431,0.25190715792890767
1980,IL,"Reagan, Ronald",republican,2358049,4749721,0.49646052894475273
1980,IL,"Carter, Jimmy",democrat,1981413,4749721,0.41716408184817594
1980,IN,"Reagan, Ronald",republican,1255656,2242033,0.5600524167128673
1980,IN,"Carter, Jimmy",democrat,844197,2242033,0.3765319243739945
1980,IA,"Reagan, Ronald",republican,676026,1317661,0.5130500181761469
1980,IA,"Carter, Jimmy",democrat,508672,1317661,0.3860416298273987
1980,KS,"Reagan, Ronald",republican,566812,979795,0.578500604718334
1980,KS,"Carter, Jimmy",democrat,326150,979795,0.33287575462214036
1980,KY,"Reagan, Ronald",republican,635274,1295627,0.4903216743707873
1980,KY,"Carter, Jimmy",democrat,617417,1295627,0.4765391582608266
1980,LA,"Reagan, Ronald",republican,792853,1548591,0.5119834740095996
1980,LA,"Carter, Jimmy",democrat,708453,1548591,0.45748231779727505
1980,ME,"Reagan, Ronald",republican,238522,523011,0.45605541757247936
1980,ME,"Carter, Jimmy",democrat,220974,523011,0.42250354199051265
1980,ME,"Anderson, John B.",independent,53327,523011,0.10196152662181102
1980,MD,"Carter, Jimmy",democrat,726161,1540496,0.4713812953749961
1980,MD,"Reagan, Ronald",republican,680606,1540496,0.44180965091762653
1980,MA,"Reagan, Ronald",republican,1057631,2524090,0.41901477364119344
1980,MA,"Carter, Jimmy",democrat,1053802,2524090,0.41749779128319514
1980,MA,"Anderson, John B.",independent,382539,2524090,0.15155521395829785
1980,MI,"Reagan, Ronald",republican,1915225,3909725,0.48986181892588354
1980,MI,"Carter, Jimmy",democrat,1661532,3909725,0.42497413500949555
1980,MN,"Carter, Jimmy",democrat,954173,2051916,0.4650156244212726
1980,MN,"Reagan, Ronald",republican,873268,2051916,0.4255866224543305
1980,MS,"Reagan, Ronald",republican,441089,891750,0.49463302495093914
1980,MS,"Carter, Jimmy",democrat,429281,891750,0.48139164564059433
1980,MO,"Reagan, Ronald",republican,1074181,2099824,0.511557635306578
1980,MO,"Carter, Jimmy",democrat,931182,2099824,0.4434571659339068
1980,MT,"Reagan, Ronald",republican,206814,363952,0.5682452631116192
1980,MT,"Carter, Jimmy",democrat,118032,363952,0.32430650195630195
1980,NE,"Reagan, Ronald",republican,419214,639533,0.6555001852914548
1980,NE,"Carter, Jimmy",democrat,166424,639533,0.2602273846697512
1980,NV,"Reagan, Ronald",republican,155017,243692,0.6361185430789685
1980,NV,"Carter, Jimmy",democrat,66666,243692,0.2735666332912037
1980,NH,"Reagan, Ronald",republican,221705,383990,0.5773718065574625
1980,NH,"Carter, Jimmy",democrat,108864,383990,0.28350738300476575
1980,NH,"Anderson, John B.",independent,49693,383990,0.12941222427667387
1980,NJ,"Reagan, Ronald",republican,1546557,2975684,0.5197315978443948
1980,NJ,"Carter, Jimmy",democrat,1147364,2975684,0.3855799204485422
1980,NM,"Reagan, Ronald",republican,250779,456237,0.5496682645204137
1980,NM,"Carter, Jimmy",democrat,167826,456237,0.36784828937591646
1980,NY,"Carter, Jimmy",democrat,2728372,6201959,0.4399209991552669
1980,NY,"Reagan, Ronald",republican,2637700,6201959,0.4253011024419865
1980,NC,"Reagan, Ronald",republican,915018,1855833,0.49304975178262267
1980,NC,"Carter, Jimmy",democrat,875635,1855833,0.47182855353903075
1980,ND,"Reagan, Ronald",republican,193695,301116,0.6432570836488264
1980,ND,"Carter, Jimmy",democrat,79189,301116,0.262985029025359
1980,OH,"Reagan, Ronald",republican,2206545,4283603,0.5151142624561613
1980,OH,"Carter, Jimmy",democrat,1752414,4283603,0.40909813537809175
1980,OK,"Reagan, Ronald",republican,695570,1149708,0.6049970949145348
1980,OK,"Carter, Jimmy",democrat,402026,1149708,0.3496766135401337
1980,OR,"Reagan, Ronald",republican,571044,1181516,0.48331465676300617
1980,OR,"Carter, Jimmy",democrat,456890,1181516,0.3866981065004621
1980,PA,"Reagan, Ronald",republican,2261872,4561501,0.49586134037896734
1980,PA,"Carter, Jimmy",democrat,1937540,4561501,0.4247593062020594
1980,RI,"Carter, Jimmy",democrat,198342,415967,0.4768214786269103
1980,RI,"Reagan, Ronald",republican,154793,415967,0.3721280774676837
1980,RI,"Anderson, John B.",independent,59819,415967,0.14380708085016358
1980,SC,"Reagan, Ronald",republican,439277,888258,0.4945376230779796
1980,SC,"Carter, Jimmy",democrat,428220,888258,0.4820896631384125
1980,SD,"Reagan, Ronald",republican,198343,327703,0.605252316884496
1980,SD,"Carter, Jimmy",democrat,103855,327703,0.3169180630021696
1980,TN,"Reagan, Ronald",republican,787761,1617616,0.48698887745917446
1980,TN,"Carter, Jimmy",democrat,783051,1617616,0.4840771851910466
1980,TX,"Reagan, Ronald",republican,2510705,4541636,0.5528195126161586
1980,TX,"Carter, Jimmy",democrat,1881147,4541636,0.414200301389191
1980,UT,"Reagan, Ronald",republican,439687,604152,0.7277754604801441
1980,UT,"Carter, Jimmy",democrat,124266,604152,0.20568664839311962
1980,VT,"Reagan, Ronald",republican,94628,213299,0.4436401483363729
1980,VT,"Carter, Jimmy",democrat,81952,213299,0.3842118340920492
1980,VT,"Anderson, John B.",independent,31761,213299,0.14890365168144248
1980,VA,"Reagan, Ronald",republican,989609,1866032,0.5303279900880585
1980,VA,"Carter, Jimmy",democrat,752174,1866032,0.40308740686118993
1980,WA,"Reagan, Ronald",republican,865244,1742394,0.4965834363525127
1980,WA,"Carter, Jimmy",democrat,650193,1742394,0.3731607202504141
1980,WA,"Anderson, John B.",independent,185073,1742394,0.10621765226464279
1980,WV,"Carter, Jimmy",democrat,367462,737715,0.49810834807479853
1980,WV,"Reagan, Ronald",republican,334206,737715,0.45302860860901567
1980,WI,"Reagan, Ronald",republican,1088845,2273221,0.47898774470234085
1980,WI,"Carter, Jimmy",democrat,981584,2273221,0.4318031550825899
1980,WY,"Reagan, Ronald",republican,110700,176713,0.6264394809663126
1980,WY,"Carter, Jimmy",democrat,49427,176713,0.27970211586018007
1984,AL,"Reagan, Ronald",republican,872849,1441713,0.6054249354760621
1984,AL,"Mondale, Walter",democrat,551899,1441713,0.38280781265064545
1984,AK,"Reagan, Ronald",republican,138377,207605,0.666539823221984
1984,AK,"Mondale, Walter",democrat,62007,207605,0.29867777751017555
1984,AZ,"Reagan, Ronald",republican,681416,1025897,0.6642148285841561
1984,AZ,"Mondale, Walter",democrat,333854,1025897,0.32542643169830887
1984,AR,"Reagan, Ronald",republican,534774,884406,0.6046702532547269
1984,AR,"Mondale, Walter",democrat,338646,884406,0.38290785001458605
1984,CA,"Reagan, Ronald",republican,5467009,9505041,0.5751694285169312
1984,CA,"Mondale, Walter",democrat,3922519,9505041,0.41267775699231596
1984,CO,"Reagan, Ronald",republican,821817,1295380,0.6344215596967685
1984,CO,"Mondale, Walter",democrat,454975,1295380,0.3512289830011271
1984,CT,"Reagan, Ronald",republican,890877,1466900,0.6073195173495126
1984,CT,"Mondale, Walter",democrat,569597,1466900,0.3882998159383734
1984,DE,"Reagan, Ronald",republican,152190,254572,0.5978269409047342
1984,DE,"Mondale, Walter",democrat,101656,254572,0.3993212136448627
1984,DC,"Mondale, Walter",democrat,180408,211288,0.853848775131574
1984,DC,"Reagan, Ronald",republican,29009,211288,0.137296013024876
1984,FL,"Reagan, Ronald",republican,2730350,4180051,0.653185810412361
1984,FL,"Mondale, Walter",democrat,1448816,4180051,0.3466024696827862
1984,GA,"Reagan, Ronald",republican,1068722,1776103,0.6017229856601785
1984,GA,"Mondale, Walter",democrat,706628,1776103,0.3978530524412154
1984,HI,"Reagan, Ronald",republican,185050,335846,0.5509965877217534
1984,HI,"Mondale, Walter",democrat,147154,335846,0.43815915627996166
1984,ID,"Reagan, Ronald",republican,297523,411144,0.723646702858366
1984,ID,"Mondale, Walter",democrat,108510,411144,0.2639221294728854
1984,IL,"Reagan, Ronald",republican,2707103,4819088,0.5617459154097206
1984,IL,"Mondale, Walter",democrat,2086499,4819088,0.43296553206747834
1984,IN,"Reagan, Ronald",republican,1377230,2233069,0.6167431458678617
1984,IN,"Mondale, Walter",democrat,841481,2233069,0.3768271378985602
1984,IA,"Reagan, Ronald",republican,703088,1319805,0.5327211216808544
1984,IA,"Mondale, Walter",democrat,605620,1319805,0.4588708180375131
1984,KS,"Reagan, Ronald",republican,677296,1021991,0.66272207876586
1984,KS,"Mondale, Walter",democrat,333149,1021991,0.32598036577621525
1984,KY,"Reagan, Ronald",republican,821702,1369345,0.6000693762346231
1984,KY,"Mondale, Walter",democrat,539539,1369345,0.39401246581394755
1984,LA,"Reagan, Ronald",republican,1037299,1706822,0.6077370692433072
1984,LA,"Mondale, Walter",democrat,651586,1706822,0.38175392630280136
1984,ME,"Reagan, Ronald",republican,336500,553144,0.6083406852465181
1984,ME,"Mondale, Walter",democrat,214515,553144,0.3878104074165136
1984,MD,"Reagan, Ronald",republican,879918,1675873,0.5250505259050059
1984,MD,"Mondale, Walter",democrat,787935,1675873,0.4701639086016661
1984,MA,"Reagan, Ronald",republican,1310936,2559383,0.5122078250890938
1984,MA,"Mondale, Walter",democrat,1239606,2559383,0.4843378267340214
1984,MI,"Reagan, Ronald",republican,2251571,3801658,0.5922602717025045
1984,MI,"Mondale, Walter",democrat,1529638,3801658,0.4023607594370667
1984,MN,"Mondale, Walter",democrat,1036364,2084449,0.49718846563288427
1984,MN,"Reagan, Ronald",republican,1032603,2084449,0.49538415187898577
1984,MS,"Reagan, Ronald",republican,582377,941104,0.6188232118873154
1984,MS,"Mondale, Walter",democrat,352192,941104,0.3742328159268264
1984,MO,"Reagan, Ronald",republican,1274188,2122771,0.6002475066787704
1984,MO,"Mondale, Walter",democrat,848583,2122771,0.39975249332122964
1984,MT,"Reagan, Ronald",republican,232450,384377,0.6047448208399566
1984,MT,"Mondale, Walter",democrat,146742,384377,0.381765818454278
1984,NE,"Reagan, Ronald",republican,460054,652090,0.7055069085555675
1984,NE,"Mondale, Walter",democrat,187866,652090,0.28809826864389887
1984,NV,"Reagan, Ronald",republican,188770,282717,0.6676995016217631
1984,NV,"Mondale, Walter",democrat,91655,282717,0.32419345140193195
1984,NH,"Reagan, Ronald",republican,267050,388904,0.6866733178367926
1984,NH,"Mondale, Walter",democrat,120347,388904,0.30945168987719335
1984,NJ,"Reagan, Ronald",republican,1933630,3217862,0.6009051973018109
1984,NJ,"Mondale, Walter",democrat,1261323,3217862,0.3919754793710855
1984,NM,"Reagan, Ronald",republican,307101,514370,0.5970429846219647
1984,NM,"Mondale, Walter",democrat,201769,514370,0.392264323347007
1984,NY,"Reagan, Ronald",republican,3376519,6806810,0.49605013214707033
1984,NY,"Mondale, Walter",democrat,3001285,6806810,0.4409238688901262
1984,NC,"Reagan, Ronald",republican,1346481,2175361,0.6189689895148437
1984,NC,"Mondale, Walter",democrat,824287,2175361,0.37891963678672186
1984,ND,"Reagan, Ronald",republican,200336,308971,0.6483974224118121
1984,ND,"Mondale, Walter",democrat,104429,308971,0.33798964951403204
1984,OH,"Reagan, Ronald",republican,2678559,4563235,0.5869868634861014
1984,OH,"Mondale, Walter",democrat,1825440,4563235,0.40003199484576185
1984,OK,"Reagan, Ronald",republican,861530,1255676,0.6861085184394701
1984,OK,"Mondale, Walter",democrat,385080,1255676,0.30667146620625063
1984,OR,"Reagan, Ronald",republican,685700,1226527,0.559058218856984
1984,OR,"Mondale, Walter",democrat,536479,1226527,0.43739681230009614
1984,PA,"Reagan, Ronald",republican,2584323,4844903,0.5334106792230928
1984,PA,"Mondale, Walter",democrat,2228131,4844903,0.45989176666694875
1984,RI,"Reagan, Ronald",republican,212080,410489,0.5166520905554107
1984,RI,"Mondale, Walter",democrat,197106,410489,0.4801736465532572
1984,SC,"Reagan, Ronald",republican,615539,968529,0.6355400819180427
1984,SC,"Mondale, Walter",democrat,344459,968529,0.3556517151267541
1984,SD,"Reagan, Ronald",republican,200267,317867,0.6300339450147389
1984,SD,"Mondale, Walter",democrat,116113,317867,0.365287997810405
1984,TN,"Reagan, Ronald",republican,990212,1711993,0.5783972247550078
1984,TN,"Mondale, Walter",democrat,711714,1711993,0.4157224941924412
1984,TX,"Reagan, Ronald",republican,3433428,5397571,0.636106129961051
1984,TX,"Mondale, Walter",democrat,1949276,5397571,0.36113948292667203
1984,UT,"Reagan, Ronald",republican,469105,629656,0.7450179145438144
1984,UT,"Mondale, Walter",democrat,155369,629656,0.246752194849251
1984,VT,"Reagan, Ronald",republican,135865,234561,0.579230988953833
1984,VT,"Mondale, Walter",democrat,95730,234561,0.408124112704158
1984,VA,"Reagan, Ronald",republican,1337078,2146635,0.622871610683698
1984,VA,"Mondale, Walter",democrat,796250,2146635,0.3709293848278818
1984,WA,"Reagan, Ronald",republican,1051670,1874910,0.5609175907110208
1984,WA,"Mondale, Walter",democrat,798352,1874910,0.42580817212559535
1984,WV,"Reagan, Ronald",republican,405483,735742,0.551121181066189
1984,WV,"Mondale, Walter",democrat,328125,735742,0.44597834567008543
1984,WI,"Reagan, Ronald",republican,1198584,2211689,0.5419315283477921
1984,WI,"Mondale, Walter",democrat,995740,2211689,0.4502170060980545
1984,WY,"Reagan, Ronald",republican,133241,188968,0.7050982176876508
1984,WY,"Mondale, Walter",democrat,53370,188968,0.28242877100884806
1988,AL,"Bush, George H.W.",republican,815576,1378476,0.5916504893810266
1988,AL,"Dukakis, Michael",democrat,549506,1378476,0.39863298309147205
1988,AK,"Bush, George H.W.",republican,119251,200116,0.595909372563913
1988,AK,"Dukakis, Michael",democrat,72584,200116,0.362709628415519
1988,AZ,"Bush, George H.W.",republican,702541,1171873,0.5995026764845679
1988,AZ,"Dukakis, Michael",democrat,454029,1171873,0.387438741228785
1988,AR,"Bush, George H.W.",republican,466578,827738,0.563678361993771
1988,AR,"Dukakis, Michael",democrat,349237,827738,0.4219173216645847
1988,CA,"Bush, George H.W.",republican,5054917,9887065,0.5112656789451673
1988,CA,"Dukakis, Michael",democrat,4702233,9887065,0.4755944256460335
1988,CO,"Bush, George H.W.",republican,728177,1372394,0.5305888833673129
1988,CO,"Dukakis, Michael",democrat,621453,1372394,0.45282404324122666
1988,CT,"Bush, George H.W.",republican,750241,1443394,0.5197756122029051
1988,CT,"Dukakis, Michael",democrat,676584,1443394,0.4687451936200372
1988,DE,"Bush, George H.W.",republican,139639,249891,0.5587996366415757
1988,DE,"Dukakis, Michael",democrat,108647,249891,0.4347775630174756
1988,DC,"Dukakis, Michael",democrat,159407,192877,0.8264697190437429
1988,DC,"Bush, George H.W.",republican,27590,192877,0.1430445309705149
1988,FL,"Bush, George H.W.",republican,2618885,4302313,0.6087155908926198
1988,FL,"Dukakis, Michael",democrat,1656701,4302313,0.3850721693191546
1988,GA,"Bush, George H.W.",republican,1081331,1809672,0.5975287234371753
1988,GA,"Dukakis, Michael",democrat,714792,1809672,0.394984284444916
1988,HI,"Dukakis, Michael",democrat,192364,354461,0.5426944007944456
1988,HI,"Bush, George H.W.",republican,158625,354461,0.44751044543687457
1988,ID,"Bush, George H.W.",republican,253881,408968,0.6207845112576045
1988,ID,"Dukakis, Michael",democrat,147272,408968,0.36010641419377554
1988,IL,"Bush, George H.W.",republican,2310939,4559120,0.5068826878871361
1988,IL,"Dukakis, Michael",democrat,2215940,4559120,0.4860455526505115
1988,IN,"Bush, George H.W.",republican,1297763,2168621,0.5984277566250626
1988,IN,"Dukakis, Michael",democrat,860643,2168621,0.39686187674102574
1988,IA,"Dukakis, Michael",democrat,670557,1225614,0.5471192398259158
1988,IA,"Bush, George H.W.",republican,545355,1225614,0.4449647278833303
1988,KS,"Bush, George H.W.",republican,554049,993044,0.5579299608073761
1988,KS,"Dukakis, Michael",democrat,422636,993044,0.4255964488985382
1988,KY,"Bush, George H.W.",republican,734281,1322517,0.5552147911898297
1988,KY,"Dukakis, Michael",democrat,580368,1322517,0.4388359469103233
1988,LA,"Bush, George H.W.",republican,883702,1628202,0.5427471529945301
1988,LA,"Dukakis, Michael",democrat,717460,1628202,0.4406455710040892
1988,ME,"Bush, George H.W.",republican,307131,555035,0.5533542929725153
1988,ME,"Dukakis, Michael",democrat,243569,555035,0.4388353887592674
1988,MD,"Bush, George H.W.",republican,876167,1714358,0.511075866300971
1988,MD,"Dukakis, Michael",democrat,826304,1714358,0.48199034274054775
1988,MA,"Dukakis, Michael",democrat,1401415,2632801,0.5322905149306765
1988,MA,"Bush, George H.W.",republican,1194635,2632801,0.4537505873022686
1988,MI,"Bush, George H.W.",republican,1965486,3669163,0.5356769377648254
1988,MI,"Dukakis, Michael",democrat,1675783,3669163,0.4567207834593339
1988,MN,"Dukakis, Michael",democrat,1109471,2096790,0.5291283342633263
1988,MN,"Bush, George H.W.",republican,962337,2096790,0.4589572632452463
1988,MS,"Bush, George H.W.",republican,557890,931527,0.5988983679485405
1988,MS,"Dukakis, Michael",democrat,363921,931527,0.39067144591622144
1988,MO,"Bush, George H.W.",republican,1084953,2093228,0.5183157305367595
1988,MO,"Dukakis, Michael",democrat,1001619,2093228,0.4785044916272857
1988,MT,"Bush, George H.W.",republican,190412,365674,0.5207151725307241
1988,MT,"Dukakis, Michael",democrat,168936,365674,0.46198526556440983
1988,NE,"Bush, George H.W.",republican,397956,661465,0.6016282040621953
1988,NE,"Dukakis, Michael",democrat,259235,661465,0.39191038074576884
1988,NV,"Bush, George H.W.",republican,206040,343133,0.6004668743606706
1988,NV,"Dukakis, Michael",democrat,132738,343133,0.38684125397440644
1988,NH,"Bush, George H.W.",republican,281537,450525,0.624908717607236
1988,NH,"Dukakis, Michael",democrat,163696,450525,0.36334498640475
1988,NJ,"Bush, George H.W.",republican,1743192,3099553,0.5624010946094485
1988,NJ,"Dukakis, Michael",democrat,1320352,3099553,0.4259814237730408
1988,NM,"Bush, George H.W.",republican,270341,521387,0.5185035300074609
1988,NM,"Dukakis, Michael",democrat,244497,521387,0.4689357425482415
1988,NY,"Dukakis, Michael",democrat,3255487,6485683,0.5019497561012464
1988,NY,"Bush, George H.W.",republican,2838414,6485683,0.4376430362075976
1988,NC,"Bush, George H.W.",republican,1237258,2134370,0.5796829977932598
1988,NC,"Dukakis, Michael",democrat,890167,2134370,0.41706311464272827
1988,ND,"Bush, George H.W.",republican,166559,297261,0.5603123181312045
1988,ND,"Dukakis, Michael",democrat,127739,297261,0.429720010361265
1988,OH,"Bush, George H.W.",republican,2416549,4393585,0.5500175824525985
1988,OH,"Dukakis, Michael",democrat,1939629,4393585,0.4414684136075665
1988,OK,"Bush, George H.W.",republican,678367,1171036,0.5792879125833877
1988,OK,"Dukakis, Michael",democrat,483423,1171036,0.41281651460757823
1988,OR,"Dukakis, Michael",democrat,616206,1201694,0.5127811239799815
1988,OR,"Bush, George H.W.",republican,560126,1201694,0.4661136695365043
1988,PA,"Bush, George H.W.",republican,2300087,4536251,0.5070457961872039
1988,PA,"Dukakis, Michael",democrat,2194944,4536251,0.48386740504438575
1988,RI,"Dukakis, Michael",democrat,225123,404622,0.5563785459021012
1988,RI,"Bush, George H.W.",republican,177761,404622,0.43932608706397575
1988,SC,"Bush, George H.W.",republican,606443,986009,0.6150481385058352
1988,SC,"Dukakis, Michael",democrat,370554,986009,0.37581198548897626
1988,SD,"Bush, George H.W.",republican,165415,312991,0.5284976245323348
1988,SD,"Dukakis, Michael",democrat,145560,312991,0.4650612956922084
1988,TN,"Bush, George H.W.",republican,947233,1636250,0.5789048128342246
1988,TN,"Dukakis, Michael",democrat,679794,1636250,0.4154585179526356
1988,TX,"Bush, George H.W.",republican,3036829,5427410,0.559535579585843
1988,TX,"Dukakis, Michael",democrat,2352748,5427410,0.433493692203095
1988,UT,"Bush, George H.W.",republican,428442,647008,0.6621896483505614
1988,UT,"Dukakis, Michael",democrat,207343,647008,0.320464352836441
1988,VT,"Bush, George H.W.",republican,124331,243328,0.510960514203051
1988,VT,"Dukakis, Michael",democrat,115775,243328,0.47579809968437664
1988,VA,"Bush, George H.W.",republican,1309162,2191609,0.5973519911626572
1988,VA,"Dukakis, Michael",democrat,859799,2191609,0.3923140487194568
1988,WA,"Dukakis, Michael",democrat,933516,1865253,0.5004768790078343
1988,WA,"Bush, George H.W.",republican,903835,1865253,0.48456429235068915
1988,WV,"Dukakis, Michael",democrat,341016,653311,0.5219811085378939
1988,WV,"Bush, George H.W.",republican,310065,653311,0.47460550947404834
1988,WI,"Dukakis, Michael",democrat,1126794,2191608,0.5141403024628491
1988,WI,"Bush, George H.W.",republican,1047499,2191608,0.47795910582549433
1988,WY,"Bush, George H.W.",republican,106867,176551,0.6053038498790718
1988,WY,"Dukakis, Michael",democrat,67113,176551,0.3801337857049804
1992,AL,"Bush, George H.W.",republican,804283,1688060,0.4764540359939813
1992,AL,"Clinton, Bill",democrat,690080,1688060,0.4088006350485172
1992,AL,"Perot, Ross",independent,183109,1688060,0.10847304005781785
1992,AK,"Bush, George H.W.",republican,102000,258506,0.3945749808515083
1992,AK,"Clinton, Bill",democrat,78294,258506,0.3028711132430195
1992,AK,"Perot, Ross",independent,73481,258506,0.2842525898818596
1992,AZ,"Bush, George H.W.",republican,572086,1486975,0.38473141781132836
1992,AZ,"Clinton, Bill",democrat,543050,1486975,0.3652045259671481
1992,AZ,"Perot, Ross",independent,353741,1486975,0.23789303787891525
1992,AR,"Clinton, Bill",democrat,505823,950653,0.5320795284925204
1992,AR,"Bush, George H.W.",republican,337324,950653,0.3548339930552999
1992,AR,"Perot, Ross",independent,99132,950653,0.10427779641993451
1992,CA,"Clinton, Bill",democrat,5121325,11131721,0.46006587840280944
1992,CA,"Bush, George H.W.",republican,3630574,11131721,0.32614669375921296
1992,CA,"Perot, Ross",independent,2296006,11131721,0.20625795418336482
1992,CO,"Clinton, Bill",democrat,629681,1569180,0.40128028651907366
1992,CO,"Bush, George H.W.",republican,562850,1569180,0.35869052626212417
1992,CO,"Perot, Ross",independent,366010,1569180,0.23324921296473317
1992,CT,"Clinton, Bill",democrat,682318,1616156,0.42218572959541034
1992,CT,"Bush, George H.W.",republican,578313,1616156,0.35783241221763246
1992,CT,"Perot, Ross",independent,348771,1616156,0.21580280616475142
1992,DE,"Clinton, Bill",democrat,126054,289620,0.43523927905531384
1992,DE,"Bush, George H.W.",republican,102313,289620,0.35326634900904635
1992,DE,"Perot, Ross",independent,59213,289620,0.2044506594848422
1992,DC,"Clinton, Bill",democrat,192619,227572,0.8464090485648498
1992,FL,"Bush, George H.W.",republican,2173310,5313392,0.4090249693604387
1992,FL,"Clinton, Bill",democrat,2071698,5313392,0.3899012156452978
1992,FL,"Perot, Ross",independent,1053067,5313392,0.1981910990192329
1992,GA,"Clinton, Bill",democrat,1008966,2321133,0.4346868533599755
1992,GA,"Bush, George H.W.",republican,995252,2321133,0.4287785318635339
1992,GA,"Perot, Ross",independent,309657,2321133,0.13340769357033827
1992,HI,"Clinton, Bill",democrat,179310,372842,0.48092757790163126
1992,HI,"Bush, George H.W.",republican,136822,372842,0.3669704593366627
1992,HI,"Perot, Ross",independent,53003,372842,0.14215941337081123
1992,ID,"Bush, George H.W.",republican,202645,482114,0.4203258980241188
1992,ID,"Clinton, Bill",democrat,137013,482114,0.2841921205358069
1992,ID,"Perot, Ross",independent,130395,482114,0.27046507672459214
1992,IL,"Clinton, Bill",democrat,2453350,5050157,0.48579677819917283
1992,IL,"Bush, George H.W.",republican,1734096,5050157,0.3433746713220995
1992,IL,"Perot, Ross",independent,840515,5050157,0.16643343959405618
1992,IN,"Bush, George H.W.",republican,989375,2305871,0.42906780127769506
1992,IN,"Clinton, Bill",democrat,848420,2305871,0.3679390564346401
1992,IN,"Perot, Ross",independent,455934,2305871,0.19772745309689918
1992,IA,"Clinton, Bill",democrat,586353,1354607,0.43285838623305506
1992,IA,"Bush, George H.W.",republican,504891,1354607,0.37272138708865377
1992,IA,"Perot, Ross",independent,253468,1354607,0.18711552501943368
1992,KS,"Bush, George H.W.",republican,449951,1157236,0.38881524598266903
1992,KS,"Clinton, Bill",democrat,390434,1157236,0.3373849413602757
1992,KS,"Perot, Ross",independent,312358,1157236,0.2699172856703386
1992,KY,"Clinton, Bill",democrat,665104,1492900,0.4455114207247639
1992,KY,"Bush, George H.W.",republican,617178,1492900,0.4134088016611963
1992,KY,"Perot, Ross",independent,203944,1492900,0.1366092839440016
1992,LA,"Clinton, Bill",democrat,815971,1790017,0.4558453914124838
1992,LA,"Bush, George H.W.",republican,733386,1790017,0.40970895807134794
1992,LA,"Perot, Ross",independent,211478,1790017,0.11814301204960623
1992,ME,"Clinton, Bill",democrat,263420,679499,0.3876679730212995
1992,ME,"Perot, Ross",independent,206820,679499,0.3043713088613817
1992,ME,"Bush, George H.W.",republican,206504,679499,0.30390626034769735
1992,MD,"Clinton, Bill",democrat,988571,1984580,0.4981260518598394
1992,MD,"Bush, George H.W.",republican,707094,1984580,0.3562940269477673
1992,MD,"Perot, Ross",independent,281414,1984580,0.14180028016003385
1992,MA,"Clinton, Bill",democrat,1318639,2773664,0.47541410927927824
1992,MA,"Bush, George H.W.",republican,805039,2773664,0.2902438795758967
1992,MA,"Perot, Ross",independent,630731,2773664,0.22739993020062993
1992,MI,"Clinton, Bill",democrat,1871182,4274673,0.43773687484399393
1992,MI,"Bush, George H.W.",republican,1554940,4274673,0.36375647915056897
1992,MI,"Perot, Ross",independent,824813,4274673,0.1929534726983795
1992,MN,"Clinton, Bill",democrat,1020997,2347948,0.4348465127847806
1992,MN,"Bush, George H.W.",republican,747841,2347948,0.3185083315303405
1992,MN,"Perot, Ross",independent,562506,2347948,0.23957344881573187
1992,MS,"Bush, George H.W.",republican,487793,981793,0.4968389467026145
1992,MS,"Clinton, Bill",democrat,400258,981793,0.40768064143867394
1992,MO,"Clinton, Bill",democrat,1053873,2391270,0.4407168575694087
1992,MO,"Bush, George H.W.",republican,811159,2391270,0.3392168178415654
1992,MO,"Perot, Ross",independent,518741,2391270,0.21693117046590304
1992,MT,"Clinton, Bill",democrat,154507,410583,0.3763112452293446
1992,MT,"Bush, George H.W.",republican,144207,410583,0.3512249654759208
1992,MT,"Perot, Ross",independent,107225,410583,0.2611530433554239
1992,NE,"Bush, George H.W.",republican,343678,737546,0.4659750035929962
1992,NE,"Clinton, Bill",democrat,216864,737546,0.29403454157435605
1992,NE,"Perot, Ross",independent,174104,737546,0.23605849669037593
1992,NV,"Clinton, Bill",democrat,189148,506318,0.3735754999822246
1992,NV,"Bush, George H.W.",republican,175828,506318,0.34726792253089955
1992,NV,"Perot, Ross",independent,132580,506318,0.2618512476348856
1992,NH,"Clinton, Bill",democrat,209040,537215,0.38911795091350765
1992,NH,"Bush, George H.W.",republican,202484,537215,0.37691427082266876
1992,NH,"Perot, Ross",independent,121337,537215,0.22586301573857767
1992,NJ,"Clinton, Bill",democrat,1436206,3343594,0.42953959123027496
1992,NJ,"Bush, George H.W.",republican,1356865,3343594,0.40581033462794824
1992,NJ,"Perot, Ross",independent,521829,3343594,0.1560682905879123
1992,NM,"Clinton, Bill",democrat,261617,569986,0.45898846638338486
1992,NM,"Bush, George H.W.",republican,212824,569986,0.37338460944654783
1992,NM,"Perot, Ross",independent,91895,569986,0.1612232581151116
1992,NY,"Clinton, Bill",democrat,3346894,7079432,0.4727630691275797
1992,NY,"Bush, George H.W.",republican,2041690,7079432,0.2883974307543317
1992,NY,"Perot, Ross",independent,1090721,7079432,0.15406899875583238
1992,NC,"Bush, George H.W.",republican,1134661,2611850,0.43442808737102057
1992,NC,"Clinton, Bill",democrat,1114042,2611850,0.42653368302161304
1992,NC,"Perot, Ross",independent,357864,2611850,0.1370155253938779
1992,ND,"Bush, George H.W.",republican,136244,308133,0.442159716745691
1992,ND,"Clinton, Bill",democrat,99168,308133,0.32183505174713517
1992,ND,"Perot, Ross",independent,71084,308133,0.2306925905372031
1992,OH,"Clinton, Bill",democrat,1984942,4939967,0.4018128056321024
1992,OH,"Bush, George H.W.",republican,1894310,4939967,0.383466124368847
1992,OH,"Perot, Ross",independent,1036426,4939967,0.20980423553436692
1992,OK,"Bush, George H.W.",republican,592929,1390359,0.4264574832830945
1992,OK,"Clinton, Bill",democrat,473066,1390359,0.3402473749585539
1992,OK,"Perot, Ross",independent,319878,1390359,0.23006863694916205
1992,OR,"Clinton, Bill",democrat,621314,1462643,0.42478855058958337
1992,OR,"Bush, George H.W.",republican,475757,1462643,0.32527212723815724
1992,OR,"Perot, Ross",independent,354091,1462643,0.24208983326758476
1992,PA,"Clinton, Bill",democrat,2239164,4959810,0.45146164873251193
1992,PA,"Bush, George H.W.",republican,1791841,4959810,0.3612721051814485
1992,PA,"Perot, Ross",independent,902667,4959810,0.1819962861480581
1992,RI,"Clinton, Bill",democrat,213299,453365,0.4704796356136888
1992,RI,"Bush, George H.W.",republican,131601,453365,0.29027604689378317
1992,RI,"Perot, Ross",independent,105045,453365,0.23170072678746706
1992,SC,"Bush, George H.W.",republican,577507,1228912,0.46993356725298474
1992,SC,"Clinton, Bill",democrat,525514,1228912,0.4276254117463252
1992,SD,"Bush, George H.W.",republican,136718,336254,0.4065914457523182
1992,SD,"Clinton, Bill",democrat,124888,336254,0.37140970813730095
1992,SD,"Perot, Ross",independent,73295,336254,0.2179751021549186
1992,TN,"Clinton, Bill",democrat,933521,1982638,0.47084793088803906
1992,TN,"Bush, George H.W.",republican,841300,1982638,0.42433364033171966
1992,TN,"Perot, Ross",independent,199968,1982638,0.10085956185647607
1992,TX,"Bush, George H.W.",republican,2496071,6154018,0.40560021111410466
1992,TX,"Clinton, Bill",democrat,2281815,6154018,0.37078458334051023
1992,TX,"Perot, Ross",independent,1354781,6154018,0.22014576492951435
1992,UT,"Bush, George H.W.",republican,322632,743998,0.4336463270062554
1992,UT,"Perot, Ross",independent,203400,743998,0.2733878316877196
1992,UT,"Clinton, Bill",democrat,183429,743998,0.24654501759413333
1992,VT,"Clinton, Bill",democrat,133592,289701,0.46113751764750555
1992,VT,"Bush, George H.W.",republican,88122,289701,0.30418258825478683
1992,VT,"Perot, Ross",independent,65991,289701,0.22779003179139873
1992,VA,"Bush, George H.W.",republican,1150517,2559129,0.4495736635394308
1992,VA,"Clinton, Bill",democrat,1038650,2559129,0.4058607440265809
1992,VA,"Perot, Ross",independent,348639,2559129,0.136233460681349
1992,WA,"Clinton, Bill",democrat,993037,2287565,0.43410220037463415
1992,WA,"Bush, George H.W.",republican,731234,2287565,0.31965605348919046
1992,WA,"Perot, Ross",independent,541780,2287565,0.23683698605285533
1992,WV,"Clinton, Bill",democrat,331001,683677,0.4841482161898089
1992,WV,"Bush, George H.W.",republican,241974,683677,0.35393029164356854
1992,WV,"Perot, Ross",independent,108829,683677,0.15918189437409772
1992,WI,"Clinton, Bill",democrat,1041066,2531064,0.4113155574098482
1992,WI,"Bush, George H.W.",republican,930855,2531064,0.36777220963199664
1992,WI,"Perot, Ross",independent,544479,2531064,0.2151186220498573
1992,WY,"Bush, George H.W.",republican,79347,199884,0.3969652398391067
1992,WY,"Clinton, Bill",democrat,68160,199884,0.34099777871165277
1992,WY,"Perot, Ross",independent,51263,199884,0.25646374897440516
1996,AL,"Dole, Robert",republican,769044,1534349,0.5012184320516389
1996,AL,"Clinton, Bill",democrat,662165,1534349,0.4315608769582409
1996,AK,"Dole, Robert",republican,122746,241620,0.5080125817399221
1996,AK,"Clinton, Bill",democrat,80380,241620,0.33267113649532326
1996,AK,"Perot, Ross",reform party,26333,241620,0.10898518334574953
1996,AZ,"Clinton, Bill",democrat,653288,1404405,0.4651706594607681
1996,AZ,"Dole, Robert",republican,622073,1404405,0.4429441649666585
1996,AR,"Clinton, Bill",democrat,475171,884262,0.5373644915194817
1996,AR,"Dole, Robert",republican,325416,884262,0.36800857664357395
1996,CA,"Clinton, Bill",democrat,5119835,10019469,0.5109886561852729
1996,CA,"Dole, Robert",republican,3828381,10019469,0.3820942008004616
1996,CO,"Dole, Robert",republican,691848,1510702,0.457964575409313
1996,CO,"Clinton, Bill",democrat,671152,1510702,0.44426498409348764
1996,CT,"Clinton, Bill",democrat,735740,1392614,0.5283158147196567
1996,CT,"Dole, Robert",republican,483109,1392614,0.34690804487101234
1996,CT,"Perot, Ross",reform party,139523,1392614,0.10018784817616368
1996,DE,"Clinton, Bill",democrat,140355,270810,0.518278497839814
1996,DE,"Dole, Robert",republican,99062,270810,0.3657988995975038
1996,DE,"Perot, Ross",unaffiliated,28719,270810,0.1060485211033566
1996,DC,"Clinton, Bill",democrat,158220,185726,0.8519001109160806
1996,FL,"Clinton, Bill",democrat,2546870,5303154,0.4802557119781926
1996,FL,"Dole, Robert",republican,2244536,5303154,0.42324548749668595
1996,GA,"Dole, Robert",republican,1080843,2298899,0.4701568011469838
1996,GA,"Clinton, Bill",democrat,1053849,2298899,0.4584146584952188
1996,HI,"Clinton, Bill",democrat,205012,360120,0.5692880151060757
1996,HI,"Dole, Robert",republican,113943,360120,0.3164028657114295
1996,ID,"Dole, Robert",republican,256595,491711,0.521841081448249
1996,ID,"Clinton, Bill",democrat,165443,491711,0.3364638985094903
1996,ID,"Perot, Ross",reform party,62518,491711,0.12714378974641607
1996,IL,"Clinton, Bill",democrat,2341744,4311391,0.5431527783028726
1996,IL,"Dole, Robert",republican,1587021,4311391,0.3680995298269166
1996,IN,"Dole, Robert",republican,1006693,2135431,0.4714238015651173
1996,IN,"Clinton, Bill",democrat,887424,2135431,0.41557137645749265
1996,IN,"Perot, Ross",reform party,224299,2135431,0.1050368754598018
1996,IA,"Clinton, Bill",democrat,620258,1234075,0.5026096469015254
1996,IA,"Dole, Robert",republican,492644,1234075,0.3992010210076373
1996,KS,"Dole, Robert",republican,583245,1074300,0.542907009215303
1996,KS,"Clinton, Bill",democrat,387659,1074300,0.3608479940426324
1996,KY,"Clinton, Bill",democrat,636614,1388708,0.4584217848532593
1996,KY,"Dole, Robert",republican,623283,1388708,0.4488222146052302
1996,LA,"Clinton, Bill",democrat,927837,1783959,0.5200999574541791
1996,LA,"Dole, Robert",republican,712586,1783959,0.3994407943231879
1996,ME,"Clinton, Bill",democrat,312788,605897,0.5162395588689167
1996,ME,"Dole, Robert",republican,186378,605897,0.3076067384390416
1996,ME,"Perot, Ross",reform party,85970,605897,0.1418888028823381
1996,MD,"Clinton, Bill",democrat,966207,1780870,0.5425477435186173
1996,MD,"Dole, Robert",republican,681530,1780870,0.38269497492798465
1996,MA,"Clinton, Bill",democrat,1571509,2556459,0.614720987115381
1996,MA,"Dole, Robert",republican,718058,2556459,0.2808799202334166
1996,MI,"Clinton, Bill",democrat,1989653,3848844,0.5169482057469723
1996,MI,"Dole, Robert",republican,1481212,3848844,0.3848459433533809
1996,MN,"Clinton, Bill",democrat,1120380,2192492,0.5110075658200806
1996,MN,"Dole, Robert",republican,766395,2192492,0.3495542971194422
1996,MN,"Perot, Ross",reform party,257698,2192492,0.11753657481988532
1996,MS,"Dole, Robert",republican,439838,893857,0.4920675231049262
1996,MS,"Clinton, Bill",democrat,394022,893857,0.4408110022072882
1996,MO,"Clinton, Bill",democrat,1025935,2158065,0.4753957827961623
1996,MO,"Dole, Robert",republican,890016,2158065,0.41241389856190613
1996,MO,"Perot, Ross",reform party,217188,2158065,0.10064015680713972
1996,MT,"Dole, Robert",republican,179652,407083,0.44131540742305625
1996,MT,"Clinton, Bill",democrat,167922,407083,0.41250064483164367
1996,MT,"Perot, Ross",reform party,55229,407083,0.13567012132660908
1996,NE,"Dole, Robert",republican,363467,677415,0.5365499730593506
1996,NE,"Clinton, Bill",democrat,236761,677415,0.34950658016134867
1996,NE,"Perot, Ross",reform party,71278,677415,0.10522058117992664
1996,NV,"Clinton, Bill",democrat,203974,464279,0.43933496884416484
1996,NV,"Dole, Robert",republican,199244,464279,0.4291471292046377
1996,NH,"Clinton, Bill",democrat,246166,496597,0.4957057734944029
1996,NH,"Dole, Robert",republican,196486,496597,0.395664895277257
1996,NJ,"Clinton, Bill",democrat,1652361,3075860,0.5372029286118354
1996,NJ,"Dole, Robert",republican,1103099,3075860,0.3586310820388444
1996,NJ,,independent,320400,3075860,0.10416598934932018
1996,NM,"Clinton, Bill",democrat,273495,556074,0.4918320223567367
1996,NM,"Dole, Robert",republican,232751,556074,0.4185611986893831
1996,NY,"Clinton, Bill",democrat,3649630,6439129,0.5667893903041855
1996,NY,"Dole, Robert",republican,1738707,6439129,0.27002207907311687
1996,NC,"Dole, Robert",republican,1225938,2515807,0.4872941366328975
1996,NC,"Clinton, Bill",democrat,1107849,2515807,0.4403553213740164
1996,ND,"Dole, Robert",republican,125050,266411,0.46938752528987165
1996,ND,"Clinton, Bill",democrat,106905,266411,0.4012784757386144
1996,ND,"Perot, Ross",reform party,32515,266411,0.12204826377289225
1996,OH,"Clinton, Bill",democrat,2148222,4534434,0.4737574744720069
1996,OH,"Dole, Robert",republican,1859883,4534434,0.4101687222705193
1996,OH,"Perot, Ross",reform party,483207,4534434,0.10656390632215619
1996,OK,"Dole, Robert",republican,582315,1206713,0.48256296236139
1996,OK,"Clinton, Bill",democrat,488105,1206713,0.40449137450247075
1996,OK,"Perot, Ross",reform party,130788,1206713,0.10838368360993873
1996,OR,"Clinton, Bill",democrat,649641,1377760,0.4715197131575891
1996,OR,"Dole, Robert",republican,538152,1377760,0.3905992335384973
1996,PA,"Clinton, Bill",democrat,2215819,4501307,0.492261247677619
1996,PA,"Dole, Robert",republican,1801169,4501307,0.40014355830428805
1996,RI,"Clinton, Bill",democrat,233050,390247,0.5971858848370392
1996,RI,"Dole, Robert",republican,104683,390247,0.26824805828103737
1996,RI,"Perot, Ross",reform party,43723,390247,0.11203929818807064
1996,SC,"Dole, Robert",republican,573339,1150182,0.498476762807973
1996,SC,"Clinton, Bill",democrat,506152,1150182,0.44006252923450373
1996,SD,"Dole, Robert",republican,150543,323826,0.46488855125900946
1996,SD,"Clinton, Bill",democrat,139333,323826,0.43027119502448846
1996,SD,,independent,32478,323826,0.10029460265698245
1996,TN,"Clinton, Bill",democrat,909146,1894105,0.4799871179264085
1996,TN,"Dole, Robert",republican,863530,1894105,0.4559039757563599
1996,TX,"Dole, Robert",republican,2736167,5611644,0.48758741645050896
1996,TX,"Clinton, Bill",democrat,2459683,5611644,0.43831771937065145
1996,UT,"Dole, Robert",republican,361911,665629,0.54371278895601
1996,UT,"Clinton, Bill",democrat,221633,665629,0.3329677643251721
1996,VT,"Clinton, Bill",democrat,137894,258449,0.5335443356329489
1996,VT,"Dole, Robert",republican,80352,258449,0.31090079667555304
1996,VT,"Perot, Ross",reform party,31024,258449,0.120039156661469
1996,VA,"Dole, Robert",republican,1138350,2416642,0.471046187230049
1996,VA,"Clinton, Bill",democrat,1091060,2416642,0.45147771163457395
1996,WA,"Clinton, Bill",democrat,1123323,2253837,0.49840472048333573
1996,WA,"Dole, Robert",republican,840712,2253837,0.3730136651408243
1996,WV,"Clinton, Bill",democrat,327812,636459,0.515055958042859
1996,WV,"Dole, Robert",republican,233946,636459,0.3675743449303097
1996,WV,"Perot, Ross",reform party,71639,636459,0.11255870370283082
1996,WI,"Clinton, Bill",democrat,1071971,2196169,0.48810952162606797
1996,WI,"Dole, Robert",republican,845029,2196169,0.3847741225743556
1996,WI,"Perot, Ross",reform party,227339,2196169,0.10351616838230573
1996,WY,"Dole, Robert",republican,105388,211571,0.4981211980848037
1996,WY,"Clinton, Bill",democrat,77934,211571,0.3683586124752447
1996,WY,"Perot, Ross",independent,25928,211571,0.12254987687348455
2000,AL,"Bush, George W.",republican,941173,1666272,0.5648375535326765
2000,AL,"Gore, Al",democrat,692611,1666272,0.4156650294789806
2000,AK,"Bush, George W.",republican,167398,285560,0.5862095531587057
2000,AK,"Gore, Al",democrat,79004,285560,0.27666339823504693
2000,AK,"Nader, Ralph",green,28747,285560,0.10066886118503993
2000,AZ,"Bush, George W.",republican,781652,1532016,0.5102113816043696
2000,AZ,"Gore, Al",democrat,685341,1532016,0.4473458501738885
2000,AR,"Bush, George W.",republican,472940,921781,0.5130719769663293
2000,AR,"Gore, Al",democrat,422768,921781,0.4586425626043496
2000,CA,"Gore, Al",democrat,5861203,10965822,0.5344973682775446
2000,CA,"Bush, George W.",republican,4567429,10965822,0.41651496805255456
2000,CO,"Bush, George W.",republican,883748,1741368,0.507502147736722
2000,CO,"Gore, Al",democrat,738227,1741368,0.4239350901130605
2000,CT,"Gore, Al",democrat,816015,1459525,0.5590962813244035
2000,CT,"Bush, George W.",republican,561094,1459525,0.384436032270773
2000,DE,"Gore, Al",democrat,180068,327529,0.5497772716309091
2000,DE,"Bush, George W.",republican,137288,327529,0.4191628832866708
2000,DC,"Gore, Al",democrat,171923,201894,0.8515508137933767
2000,FL,"Bush, George W.",republican,2912790,5963110,0.4884682657204043
2000,FL,"Gore, Al",democrat,2912253,5963110,0.48837821204036147
2000,GA,"Bush, George W.",republican,1419720,2583208,0.5495956965137921
2000,GA,"Gore, Al",democrat,1116230,2583208,0.4321099965624139
2000,HI,"Gore, Al",democrat,205286,367951,0.5579166791230354
2000,HI,"Bush, George W.",republican,137845,367951,0.3746286869719066
2000,ID,"Bush, George W.",republican,336937,501615,0.6717043948047806
2000,ID,"Gore, Al",democrat,138637,501615,0.27638128843834414
2000,IL,"Gore, Al",democrat,2589026,4742108,0.545965212095549
2000,IL,"Bush, George W.",republican,2019421,4742108,0.42584879973210227
2000,IN,"Bush, George W.",republican,1245836,2199302,0.566468816015263
2000,IN,"Gore, Al",democrat,901980,2199302,0.4101210293083897
2000,IA,"Gore, Al",democrat,638517,1353022,0.4719191557860848
2000,IA,"Bush, George W.",republican,634373,1353022,0.4688563822317745
2000,KS,"Bush, George W.",republican,622332,1072216,0.580416632469577
2000,KS,"Gore, Al",democrat,399276,1072216,0.3723839226424526
2000,KY,"Bush, George W.",republican,872520,1544106,0.565064833631888
2000,KY,"Gore, Al",democrat,638923,1544106,0.4137818258591055
2000,LA,"Bush, George W.",republican,927871,1765656,0.5255106317425365
2000,LA,"Gore, Al",democrat,792344,1765656,0.44875332454339917
2000,ME,"Gore, Al",democrat,319951,651817,0.4908601647394898
2000,ME,"Bush, George W.",republican,286616,651817,0.43971850994987854
2000,MD,"Gore, Al",democrat,1144008,2025212,0.5648830838450493
2000,MD,"Bush, George W.",republican,813827,2025212,0.40184780655062285
2000,MA,"Gore, Al",democrat,1616487,2733964,0.5912612602067913
2000,MA,"Bush, George W.",republican,878502,2733964,0.32132902993601964
2000,MI,"Gore, Al",democrat,2170418,4232501,0.5127979887069135
2000,MI,"Bush, George W.",republican,1953139,4232501,0.46146214732140645
2000,MN,"Gore, Al",democratic-farmer-labor,1168266,2438685,0.479055720603522
2000,MN,"Bush, George W.",republican,1109659,2438685,0.4550235065209324
2000,MS,"Bush, George W.",republican,572844,994184,0.5761951509982056
2000,MS,"Gore, Al",democrat,404614,994184,0.40698100150475164
2000,MO,"Bush, George W.",republican,1189924,2359892,0.5042281595937441
2000,MO,"Gore, Al",democrat,1111138,2359892,0.47084273348102373
2000,MT,"Bush, George W.",republican,240178,410986,0.584394602249225
2000,MT,"Gore, Al",democrat,137126,410986,0.3336512679264014
2000,NE,"Bush, George W.",republican,433862,697019,0.6224536203460738
2000,NE,"Gore, Al",democrat,231780,697019,0.33253039013283714
2000,NV,"Bush, George W.",republican,301575,609426,0.49485089247915254
2000,NV,"Gore, Al",democrat,279978,609426,0.4594126276200884
2000,NH,"Bush, George W.",republican,273559,569081,0.4807030985044308
2000,NH,"Gore, Al",democrat,266348,569081,0.46803179160787306
2000,NJ,"Gore, Al",democrat,1788850,3187226,0.5612560891508792
2000,NJ,"Bush, George W.",republican,1284173,3187226,0.40291243859079967
2000,NM,"Gore, Al",democrat,286783,598605,0.47908554054844177
2000,NM,"Bush, George W.",republican,286417,598605,0.47847411899332615
2000,NY,"Gore, Al",democrat,3942215,6960215,0.566392704823055
2000,NY,"Bush, George W.",republican,2258577,6960215,0.32449816564574513
2000,NC,"Bush, George W.",republican,1631163,2914990,0.559577562873286
2000,NC,"Gore, Al",democrat,1257692,2914990,0.43145671168683253
2000,ND,"Bush, George W.",republican,174852,288256,0.6065858126110124
2000,ND,"Gore, Al",democrat,95284,288256,0.3305533969804618
2000,OH,"Bush, George W.",republican,2350363,4701998,0.4998647383516539
2000,OH,"Gore, Al",democrat,2183628,4701998,0.46440428090356484
2000,OK,"Bush, George W.",republican,744337,1234229,0.603078521084823
2000,OK,"Gore, Al",democrat,474276,1234229,0.38426904569573395
2000,OR,"Gore, Al",democrat,720342,1533950,0.46959940024120733
2000,OR,"Bush, George W.",republican,713577,1533950,0.46518921737996677
2000,PA,"Gore, Al",democrat,2485967,4912185,0.5060817131276611
2000,PA,"Bush, George W.",republican,2281127,4912185,0.4643813292862545
2000,RI,"Gore, Al",democrat,249508,409112,0.6098770018967911
2000,RI,"Bush, George W.",republican,130555,409112,0.31911799213907194
2000,SC,"Bush, George W.",republican,786892,1383902,0.5686038462261056
2000,SC,"Gore, Al",democrat,566037,1383902,0.40901523373764903
2000,SD,"Bush, George W.",republican,190700,316269,0.6029677268401266
2000,SD,"Gore, Al",democrat,118804,316269,0.37564225390411327
2000,TN,"Bush, George W.",republican,1061949,2076181,0.5114915318076796
2000,TN,"Gore, Al",democrat,981720,2076181,0.4728489471775341
2000,TX,"Bush, George W.",republican,3799639,6407637,0.5929859946810345
2000,TX,"Gore, Al",democrat,2433746,6407637,0.37981958091571044
2000,UT,"Bush, George W.",republican,515096,770754,0.6683014295092857
2000,UT,"Gore, Al",democrat,203053,770754,0.26344722181136915
2000,VT,"Gore, Al",democrat,149022,294308,0.5063470921619528
2000,VT,"Bush, George W.",republican,119775,294308,0.4069716079753184
2000,VA,"Bush, George W.",republican,1437490,2739447,0.5247372918694905
2000,VA,"Gore, Al",democrat,1217290,2739447,0.4443561054475593
2000,WA,"Gore, Al",democrat,1247652,2487433,0.5015821531675426
2000,WA,"Bush, George W.",republican,1108864,2487433,0.44578647947502503
2000,WV,"Bush, George W.",republican,336475,648124,0.5191521992705099
2000,WV,"Gore, Al",democrat,295497,648124,0.4559266436669526
2000,WI,"Gore, Al",democrat,1242987,2598607,0.47832819660687437
2000,WI,"Bush, George W.",republican,1237279,2598607,0.4761316351414431
2000,WY,"Bush, George W.",republican,147947,213726,0.6922274313841086
2000,WY,"Gore, Al",democrat,60481,213726,0.282983820405566
2004,AL,"Bush, George W.",republican,1176394,1883415,0.6246068975770077
2004,AL,"Kerry, John",democrat,693933,1883415,0.36844402322377173
2004,AK,"Bush, George W.",republican,190889,312598,0.6106532991253942
2004,AK,"Kerry, John",democrat,111025,312598,0.35516861912104364
2004,AZ,"Bush, George W.",republican,1104294,2012585,0.5486943408601376
2004,AZ,"Kerry, John",democrat,893524,2012585,0.44396832928795554
2004,AR,"Bush, George W.",republican,572898,1054945,0.5430595907843537
2004,AR,"Kerry, John",democrat,469953,1054945,0.44547630445189085
2004,CA,"Kerry, John",democrat,6745485,12421353,0.5430555753467436
2004,CA,"Bush, George W.",republican,5509826,12421353,0.44357695977241773
2004,CO,"Bush, George W.",republican,1101255,2129630,0.5171109535459211
2004,CO,"Kerry, John",democrat,1001732,2129630,0.47037842254288303
2004,CT,"Kerry, John",democrat,857488,1578769,0.543137089719902
2004,CT,"Bush, George W.",republican,693826,1578769,0.4394727791082799
2004,DE,"Kerry, John",democrat,200152,375190,0.5334683760228152
2004,DE,"Bush, George W.",republican,171660,375190,0.4575281857192356
2004,DC,"Kerry, John",democrat,202970,227586,0.8918386895503239
2004,FL,"Bush, George W.",republican,3964522,7609810,0.5209751623233695
2004,FL,"Kerry, John",democrat,3583544,7609810,0.4709111002771423
2004,GA,"Bush, George W.",republican,1914254,3301875,0.5797475676698846
2004,GA,"Kerry, John",democrat,1366149,3301875,0.41374946053378764
2004,HI,"Kerry, John",democrat,231708,429013,0.5400955215809311
2004,HI,"Bush, George W.",republican,194191,429013,0.45264595711551864
2004,ID,"Bush, George W.",republican,409235,598376,0.6839094482399026
2004,ID,"Kerry, John",democrat,181098,598376,0.3026491704212736
2004,IL,"Kerry, John",democrat,2891550,5274322,0.5482316020902781
2004,IL,"Bush, George W.",republican,2345946,5274322,0.4447862682634849
2004,IN,"Bush, George W.",republican,1479438,2468002,0.5994476503665718
2004,IN,"Kerry, John",democrat,969011,2468002,0.39262974665336575
2004,IA,"Bush, George W.",republican,751957,1506908,0.4990065750530225
2004,IA,"Kerry, John",democrat,741898,1506908,0.4923313168421695
2004,KS,"Bush, George W.",republican,736456,1187756,0.620039806155473
2004,KS,"Kerry, John",democrat,434993,1187756,0.3662309430556444
2004,KY,"Bush, George W.",republican,1069439,1795882,0.5954951383220055
2004,KY,"Kerry, John",democrat,712733,1795882,0.39687072981409693
2004,LA,"Bush, George W.",republican,1102169,1943106,0.5672202134108999
2004,LA,"Kerry, John",democrat,820299,1943106,0.4221586470321228
2004,ME,"Kerry, John",democrat,396842,740752,0.5357285569259347
2004,ME,"Bush, George W.",republican,330201,740752,0.44576457437846945
2004,MD,"Kerry, John",democrat,1334493,2384238,0.5597146761355201
2004,MD,"Bush, George W.",republican,1024703,2384238,0.4297821777859425
2004,MA,"Kerry, John",democrat,1803800,2927455,0.616166602048537
2004,MA,"Bush, George W.",republican,1071109,2927455,0.3658840187124994
2004,MI,"Kerry, John",democrat,2479183,4839252,0.5123070672905647
2004,MI,"Bush, George W.",republican,2313746,4839252,0.4781205855781017
2004,MN,"Kerry, John",democratic-farmer-labor,1445014,2828387,0.5108968468600654
2004,MN,"Bush, George W.",republican,1346695,2828387,0.47613533791521456
2004,MS,"Bush, George W.",republican,672660,1139824,0.5901437414899142
2004,MS,"Kerry, John",democrat,457766,1139824,0.40161112592821346
2004,MO,"Bush, George W.",republican,1455713,2731364,0.5329619193926551
2004,MO,"Kerry, John",democrat,1259171,2731364,0.46100446516831883
2004,MT,"Bush, George W.",republican,266063,450434,0.5906814316858852
2004,MT,"Kerry, John",democrat,173710,450434,0.3856502839483698
2004,NE,"Bush, George W.",republican,512814,778186,0.6589864119889075
2004,NE,"Kerry, John",democrat,254328,778186,0.3268216082016382
2004,NV,"Bush, George W.",republican,418690,829587,0.504696915453111
2004,NV,"Kerry, John",democrat,397190,829587,0.4787804051895702
2004,NH,"Kerry, John",democrat,340511,678287,0.5020161082255741
2004,NH,"Bush, George W.",republican,331237,678287,0.4883434298460681
2004,NJ,"Kerry, John",democrat,1911430,3611691,0.5292340900702746
2004,NJ,"Bush, George W.",republican,1670003,3611691,0.4623881168128724
2004,NM,"Bush, George W.",republican,376930,756304,0.498384247604138
2004,NM,"Kerry, John",democrat,370942,756304,0.490466796420487
2004,NY,"Kerry, John",democrat,4180755,7448266,0.5613058126549186
2004,NY,"Bush, George W.",republican,2806993,7448266,0.376865299923499
2004,NC,"Bush, George W.",republican,1961166,3501007,0.5601719733779452
2004,NC,"Kerry, John",democrat,1525849,3501007,0.435831462205017
2004,ND,"Bush, George W.",republican,196651,312833,0.6286133496146507
2004,ND,"Kerry, John",democrat,111052,312833,0.3549881246543683
2004,OH,"Bush, George W.",republican,2859764,5627903,0.508140243355296
2004,OH,"Kerry, John",democrat,2741165,5627903,0.48706685243153625
2004,OK,"Bush, George W.",republican,959792,1463758,0.6557040166475606
2004,OK,"Kerry, John",democrat,503966,1463758,0.3442959833524394
2004,OR,"Kerry, John",democrat,943163,1836782,0.5134866304221187
2004,OR,"Bush, George W.",republican,866831,1836782,0.47192916742433233
2004,PA,"Kerry, John",democrat,2938095,5769590,0.5092380914415062
2004,PA,"Bush, George W.",republican,2793847,5769590,0.484236661530542
2004,RI,"Kerry, John",democrat,259760,437134,0.5942342622628302
2004,RI,"Bush, George W.",republican,169046,437134,0.3867143713369356
2004,SC,"Bush, George W.",republican,937974,1617700,0.5798194968164678
2004,SC,"Kerry, John",democrat,661669,1617700,0.40901835939914694
2004,SD,"Bush, George W.",republican,232584,388215,0.5991113171824891
2004,SD,"Kerry, John",democrat,149244,388215,0.38443645917854796
2004,TN,"Bush, George W.",republican,1384375,2437319,0.5679908949136325
2004,TN,"Kerry, John",democrat,1036477,2437319,0.4252529110879618
2004,TX,"Bush, George W.",republican,4526917,7410749,0.6108582276906154
2004,TX,"Kerry, John",democrat,2832704,7410749,0.3822426046274135
2004,UT,"Bush, George W.",republican,663742,927844,0.7153594785330293
2004,UT,"Kerry, John",democrat,241199,927844,0.25995641508701894
2004,VT,"Kerry, John",democrat,184067,312309,0.5893746257712714
2004,VT,"Bush, George W.",republican,121180,312309,0.38801315363950445
2004,VA,"Bush, George W.",republican,1716959,3195415,0.5373195656902156
2004,VA,"Kerry, John",democrat,1454742,3195415,0.4552591760381672
2004,WA,"Kerry, John",democrat,1510201,2859084,0.5282114831183694
2004,WA,"Bush, George W.",republican,1304894,2859084,0.45640281992414355
2004,WV,"Bush, George W.",republican,423778,755792,0.5607071786946674
2004,WV,"Kerry, John",democrat,326541,755792,0.43205141097021404
2004,WI,"Kerry, John",democrat,1489504,2997007,0.49699717084411216
2004,WI,"Bush, George W.",republican,1478120,2997007,0.49319871458425024
2004,WY,"Bush, George W.",republican,167629,243861,0.6873956885274808
2004,WY,"Kerry, John",democrat,70776,243861,0.2902309102316484
2008,AL,"McCain, John",republican,1266546,2099819,0.603169130291706
2008,AL,"Obama, Barack H.",democrat,813479,2099819,0.38740434294574916
2008,AK,"McCain, John",republican,193841,326197,0.5942451953880631
2008,AK,"Obama, Barack H.",democrat,123594,326197,0.37889373599389325
2008,AZ,"McCain, John",republican,1230111,2293475,0.5363524782262724
2008,AZ,"Obama, Barack H.",democrat,1034707,2293475,0.4511525087476428
2008,AR,"McCain, John",republican,638017,1086617,0.5871590449992959
2008,AR,"Obama, Barack H.",democrat,422310,1086617,0.3886465976512423
2008,CA,"Obama, Barack H.",democrat,8274473,13561900,0.6101263834713425
2008,CA,"McCain, John",republican,5011781,13561900,0.36954858832464477
2008,CO,"Obama, Barack H.",democrat,1288576,2401361,0.5366023684069159
2008,CO,"McCain, John",republican,1073589,2401361,0.4470752210933716
2008,CT,"Obama, Barack H.",democrat,997772,1646792,0.6058882967612181
2008,CT,"McCain, John",republican,629428,1646792,0.3822146330562694
2008,DE,"Obama, Barack H.",democrat,255459,412412,0.6194266898150393
2008,DE,"McCain, John",republican,152374,412412,0.36947033548975294
2008,DC,"Obama, Barack H.",democrat,245800,265853,0.9245710975614343
2008,FL,"Obama, Barack H.",democrat,4282074,8390744,0.5103330527066491
2008,FL,"McCain, John",republican,4045624,8390744,0.4821531916597622
2008,GA,"McCain, John",republican,2048759,3924486,0.5220451799292952
2008,GA,"Obama, Barack H.",democrat,1844123,3924486,0.46990179096065066
2008,HI,"Obama, Barack H.",democrat,325871,456064,0.7145291011787819
2008,HI,"McCain, John",republican,120566,456064,0.2643620193657031
2008,ID,"McCain, John",republican,403012,655122,0.6151709147303861
2008,ID,"Obama, Barack H.",democrat,236440,655122,0.3609098763283785
2008,IL,"Obama, Barack H.",democrat,3419348,5522371,0.6191811452001323
2008,IL,"McCain, John",republican,2031179,5522371,0.36780922542147204
2008,IN,"Obama, Barack H.",democrat,1374039,2751054,0.4994591163968428
2008,IN,"McCain, John",republican,1345648,2751054,0.4891390717884854
2008,IA,"Obama, Barack H.",democrat,828940,1537123,0.5392802007386527
2008,IA,"McCain, John",republican,682379,1537123,0.4439325935530208
2008,KS,"McCain, John",republican,699655,1235872,0.5661225434349189
2008,KS,"Obama, Barack H.",democrat,514765,1235872,0.41651967194013617
2008,KY,"McCain, John",republican,1048462,1826620,0.5739902114287592
2008,KY,"Obama, Barack H.",democrat,751985,1826620,0.4116811378392879
2008,LA,"McCain, John",republican,1148275,1960761,0.5856272131075638
2008,LA,"Obama, Barack H.",democrat,782989,1960761,0.3993291380234511
2008,ME,"Obama, Barack H.",democrat,421923,731163,0.5770573729797597
2008,ME,"McCain, John",republican,295273,731163,0.40384018337908234
2008,MD,"Obama, Barack H.",democrat,1629467,2631596,0.6191934476264593
2008,MD,"McCain, John",republican,959862,2631596,0.364745196451127
2008,MA,"Obama, Barack H.",democrat,1904097,3102995,0.6136319910280229
2008,MA,"McCain, John",republican,1108854,3102995,0.3573495928933176
2008,MI,"Obama, Barack H.",democrat,2872579,5001596,0.5743324730745946
2008,MI,"McCain, John",republican,2048639,5001596,0.40959705661952706
2008,MN,"Obama, Barack H.",democrat,1573354,2910369,0.5406029269827984
2008,MN,"McCain, John",republican,1275409,2910369,0.43822931044139074
2008,MS,"McCain, John",republican,724597,1289865,0.5617618898101739
2008,MS,"Obama, Barack H.",democrat,554662,1289865,0.43001554426238403
2008,MO,"McCain, John",republican,1445814,2925205,0.49426074411878823
2008,MO,"Obama, Barack H.",democrat,1441911,2925205,0.49292647865705136
2008,MT,"McCain, John",republican,242763,490109,0.495324509445858
2008,MT,"Obama, Barack H.",democrat,231667,490109,0.4726846477008176
2008,NE,"McCain, John",republican,452979,801281,0.5653185336979162
2008,NE,"Obama, Barack H.",democrat,333319,801281,0.415982657769247
2008,NV,"Obama, Barack H.",democrat,533736,967848,0.551466759243187
2008,NV,"McCain, John",republican,412827,967848,0.42654115108984053
2008,NH,"Obama, Barack H.",democrat,384826,710970,0.5412689705613458
2008,NH,"McCain, John",republican,316534,710970,0.44521428470962204
2008,NJ,"Obama, Barack H.",democrat,2215422,3868237,0.5727213715188599
2008,NJ,"McCain, John",republican,1613207,3868237,0.4170393385927491
2008,NM,"Obama, Barack H.",democrat,472422,830158,0.5690748026279335
2008,NM,"McCain, John",republican,346832,830158,0.4177903483433274
2008,NY,"Obama, Barack H.",democrat,4645332,7722019,0.6015696154075767
2008,NY,"McCain, John",republican,2418323,7722019,0.313172371111752
2008,NC,"Obama, Barack H.",democrat,2142651,4310851,0.49703666399047425
2008,NC,"McCain, John",republican,2128474,4310851,0.49374798618648613
2008,ND,"McCain, John",republican,168601,316621,0.5325010027761898
2008,ND,"Obama, Barack H.",democrat,141278,316621,0.44620540014717913
2008,OH,"Obama, Barack H.",democrat,2940044,5708350,0.5150427006052537
2008,OH,"McCain, John",republican,2677820,5708350,0.4691057836327485
2008,OK,"McCain, John",republican,960165,1462661,0.656450811226935
2008,OK,"Obama, Barack H.",democrat,502496,1462661,0.343549188773065
2008,OR,"Obama, Barack H.",democrat,1037291,1827864,0.5674880625692065
2008,OR,"McCain, John",republican,738475,1827864,0.40400981692292204
2008,PA,"Obama, Barack H.",democrat,3276363,6013272,0.5448552801203738
2008,PA,"McCain, John",republican,2655885,6013272,0.4416705247991443
2008,RI,"Obama, Barack H.",democrat,296571,471766,0.6286400461245617
2008,RI,"McCain, John",republican,165391,471766,0.35057846474735355
2008,SC,"McCain, John",republican,1034896,1920969,0.5387364397863786
2008,SC,"Obama, Barack H.",democrat,862449,1920969,0.4489656001736624
2008,SD,"McCain, John",republican,203054,381975,0.5315897637279927
2008,SD,"Obama, Barack H.",democrat,170924,381975,0.44747431114601743
2008,TN,"McCain, John",republican,1479178,2599749,0.5689695428289423
2008,TN,"Obama, Barack H.",democrat,1087437,2599749,0.4182853806271298
2008,TX,"McCain, John",republican,4479328,8077795,0.5545236045232641
2008,TX,"Obama, Barack H.",democrat,3528633,8077795,0.4368312144588963
2008,UT,"McCain, John",republican,596030,952370,0.6258386971450172
2008,UT,"Obama, Barack H.",democrat,327670,952370,0.3440574566607516
2008,VT,"Obama, Barack H.",democrat,219262,325046,0.6745568319560924
2008,VT,"McCain, John",republican,98974,325046,0.30449228724549754
2008,VA,"Obama, Barack H.",democrat,1959532,3723260,0.5262946987317566
2008,VA,"McCain, John",republican,1725005,3723260,0.46330500690255316
2008,WA,"Obama, Barack H.",democrat,1750848,3036878,0.5765289221364835
2008,WA,"McCain, John",republican,1229216,3036878,0.40476304942114893
2008,WV,"McCain, John",republican,397466,713451,0.5571034310695478
2008,WV,"Obama, Barack H.",democrat,303857,713451,0.42589750382296754
2008,WI,"Obama, Barack H.",democrat,1677211,2983417,0.5621778651794235
2008,WI,"McCain, John",republican,1262393,2983417,0.4231366248834809
2008,WY,"McCain, John",republican,164958,254904,0.6471377459749553
2008,WY,"Obama, Barack H.",democrat,82868,254904,0.32509493770203685
2012,AL,"Romney, Mitt",republican,1255925,2074338,0.6054582232982282
2012,AL,"Obama, Barack H.",democrat,795696,2074338,0.3835903309875247
2012,AK,"Romney, Mitt",republican,164676,300495,0.5480157739729447
2012,AK,"Obama, Barack H.",democrat,122640,300495,0.40812659112464433
2012,AZ,"Romney, Mitt",republican,1233654,2299254,0.536545331659747
2012,AZ,"Obama, Barack H.",democrat,1025232,2299254,0.44589766941799386
2012,AR,"Romney, Mitt",republican,647744,1069468,0.6056693608410911
2012,AR,"Obama, Barack H.",democrat,394409,1069468,0.36878990301720105
2012,CA,"Obama, Barack H.",democrat,7854285,13038547,0.6023895914168964
2012,CA,"Romney, Mitt",republican,4839958,13038547,0.371203785207048
2012,CO,"Obama, Barack H.",democrat,1323101,2569516,0.5149222655161517
2012,CO,"Romney, Mitt",republican,1185243,2569516,0.4612709163904798
2012,CT,"Obama, Barack H.",democrat,905083,1558204,0.5808501325885442
2012,CT,"Romney, Mitt",republican,634892,1558204,0.4074511424691504
2012,DE,"Obama, Barack H.",democrat,242584,413890,0.5861074198458528
2012,DE,"Romney, Mitt",republican,165484,413890,0.39982604073546113
2012,DC,"Obama, Barack H.",democrat,267070,293764,0.9091311392818725
2012,FL,"Obama, Barack H.",democrat,4237756,8474179,0.5000786506869869
2012,FL,"Romney, Mitt",republican,4163447,8474179,0.49130977761975525
2012,GA,"Romney, Mitt",republican,2078688,3897839,0.5332924217752452
2012,GA,"Obama, Barack H.",democrat,1773827,3897839,0.45507959666882086
2012,HI,"Obama, Barack H.",democrat,306658,437159,0.7014793244563191
2012,HI,"Romney, Mitt",republican,121015,437159,0.2768214768539593
2012,ID,"Romney, Mitt",republican,420911,652274,0.6452978349589283
2012,ID,"Obama, Barack H.",democrat,212787,652274,0.3262233355920978
2012,IL,"Obama, Barack H.",democrat,3019512,5242014,0.5760213536247709
2012,IL,"Romney, Mitt",republican,2135216,5242014,0.407327412708169
2012,IN,"Romney, Mitt",republican,1420543,2624534,0.5412553238022445
2012,IN,"Obama, Barack H.",democrat,1152887,2624534,0.43927302904058396
2012,IA,"Obama, Barack H.",democrat,822544,1582180,0.5198801653414908
2012,IA,"Romney, Mitt",republican,730617,1582180,0.46177868510536096
2012,KS,"Romney, Mitt",republican,692634,1159971,0.5971132036921613
2012,KS,"Obama, Barack H.",democrat,440726,1159971,0.3799457055391902
2012,KY,"Romney, Mitt",republican,1087190,1797212,0.6049314159932162
2012,KY,"Obama, Barack H.",democrat,679370,1797212,0.37801327834445797
2012,LA,"Romney, Mitt",republican,1152262,1994065,0.5778457572847425
2012,LA,"Obama, Barack H.",democrat,809141,1994065,0.4057746362330215
2012,ME,"Obama, Barack H.",democrat,401306,724758,0.5537103419348252
2012,ME,"Romney, Mitt",republican,292276,724758,0.40327392039825705
2012,MD,"Obama, Barack H.",democrat,1677844,2707327,0.6197419077931849
2012,MD,"Romney, Mitt",republican,971869,2707327,0.3589773233894539
2012,MA,"Obama, Barack H.",democrat,1921290,3184196,0.6033830832021647
2012,MA,"Romney, Mitt",republican,1188314,3184196,0.37319122315334863
2012,MI,"Obama, Barack H.",democrat,2564569,4730961,0.5420820421051875
2012,MI,"Romney, Mitt",republican,2115256,4730961,0.4471091602742022
2012,MN,"Obama, Barack H.",democratic-farmer-labor,1546167,2936561,0.5265230315324626
2012,MN,"Romney, Mitt",republican,1320225,2936561,0.4495820110666865
2012,MS,"Romney, Mitt",republican,710746,1285584,0.5528584674358112
2012,MS,"Obama, Barack H.",democrat,562949,1285584,0.4378935954398935
2012,MO,"Romney, Mitt",republican,1482440,2757323,0.5376374113587709
2012,MO,"Obama, Barack H.",democrat,1223796,2757323,0.4438348354545333
2012,MT,"Romney, Mitt",republican,267928,484048,0.553515353849205
2012,MT,"Obama, Barack H.",democrat,201839,484048,0.41698137374805805
2012,NE,"Romney, Mitt",republican,475064,794379,0.5980319217904804
2012,NE,"Obama, Barack H.",democrat,302081,794379,0.38027314417928976
2012,NV,"Obama, Barack H.",democrat,531373,1014918,0.5235624947040056
2012,NV,"Romney, Mitt",republican,463567,1014918,0.4567531564126363
2012,NH,"Obama, Barack H.",democrat,369561,710972,0.5197968415071198
2012,NH,"Romney, Mitt",republican,329918,710972,0.4640379649268888
2012,NJ,"Obama, Barack H.",democrat,2122786,3638499,0.5834235491063761
2012,NJ,"Romney, Mitt",republican,1478088,3638499,0.4062356482714438
2012,NM,"Obama, Barack H.",democrat,415335,783758,0.5299276052046678
2012,NM,"Romney, Mitt",republican,335788,783758,0.4284332663909013
2012,NY,"Obama, Barack H.",democrat,4324228,7116784,0.6076098417487449
2012,NY,"Romney, Mitt",republican,2223397,7116784,0.312415973282314
2012,NC,"Romney, Mitt",republican,2270395,4505372,0.5039306410214295
2012,NC,"Obama, Barack H.",democrat,2178391,4505372,0.48350968577067555
2012,ND,"Romney, Mitt",republican,188320,322932,0.5831568255855722
2012,ND,"Obama, Barack H.",democrat,124966,322932,0.38697310888979725
2012,OH,"Obama, Barack H.",democrat,2827621,5580822,0.5066674765831987
2012,OH,"Romney, Mitt",republican,2661407,5580822,0.47688440878422567
2012,OK,"Romney, Mitt",republican,891325,1334872,0.6677231974301656
2012,OK,"Obama, Barack H.",democrat,443547,1334872,0.3322768025698344
2012,OR,"Obama, Barack H.",democrat,970488,1789270,0.54239326652769
2012,OR,"Romney, Mitt",republican,754175,1789270,0.42149871176513326
2012,PA,"Obama, Barack H.",democrat,2990274,5742040,0.520768577021407
2012,PA,"Romney, Mitt",republican,2680434,5742040,0.46680866033674445
2012,RI,"Obama, Barack H.",democrat,279677,446049,0.627009588632639
2012,RI,"Romney, Mitt",republican,157204,446049,0.35243661570813967
2012,SC,"Romney, Mitt",republican,1071645,1964118,0.5456113125586141
2012,SC,"Obama, Barack H.",democrat,865941,1964118,0.4408803340736147
2012,SD,"Romney, Mitt",republican,210610,363815,0.5788931187554114
2012,SD,"Obama, Barack H.",democrat,145039,363815,0.3986614075835246
2012,TN,"Romney, Mitt",republican,1462330,2458577,0.5947871471993759
2012,TN,"Obama, Barack H.",democrat,960709,2458577,0.39075814993795194
2012,TX,"Romney, Mitt",republican,4569843,7993851,0.5716697746805639
2012,TX,"Obama, Barack H.",democrat,3308124,7993851,0.41383358283760857
2012,UT,"Romney, Mitt",republican,740600,1017440,0.727905331026891
2012,UT,"Obama, Barack H.",democrat,251813,1017440,0.2474966582796037
2012,VT,"Obama, Barack H.",democrat,199239,299290,0.665705503023823
2012,VT,"Romney, Mitt",republican,92698,299290,0.3097263523672692
2012,VA,"Obama, Barack H.",democrat,1971820,3854489,0.5115645679621864
2012,VA,"Romney, Mitt",republican,1822522,3854489,0.4728310289638912
2012,WA,"Obama, Barack H.",democrat,1755396,3125516,0.5616339829967276
2012,WA,"Mitt, Romney",republican,1290670,3125516,0.4129462143210913
2012,WV,"Romney, Mitt",republican,417655,670438,0.6229584241943327
2012,WV,"Obama, Barack H.",democrat,238269,670438,0.3553930415638732
2012,WI,"Obama, Barack H.",democrat,1620985,3071434,0.5277616253515459
2012,WI,"Romney, Mitt",republican,1410966,3071434,0.4593834671361976
2012,WY,"Romney, Mitt",republican,170962,250701,0.6819358518713527
2012,WY,"Obama, Barack H.",democrat,69286,250701,0.2763690611525283
2016,AL,"Trump, Donald J.",republican,1318255,2123372,0.6208309236440906
2016,AL,"Clinton, Hillary",democrat,729547,2123372,0.3435794575797364
2016,AK,"Trump, Donald J.",republican,163387,318608,0.5128151207753728
2016,AK,"Clinton, Hillary",democrat,116454,318608,0.36550871290111986
2016,AZ,"Trump, Donald J.",republican,1252401,2573165,0.4867161647232105
2016,AZ,"Clinton, Hillary",democrat,1161167,2573165,0.4512602184469321
2016,AR,"Trump, Donald J.",republican,684872,1130635,0.6057410216382829
2016,AR,"Clinton, Hillary",democrat,380494,1130635,0.33653124129360934
2016,CA,"Clinton, Hillary",democrat,8753788,14181595,0.6172639960455788
2016,CA,"Trump, Donald J.",republican,4483810,14181595,0.3161710653843943
2016,CO,"Clinton, Hillary",democrat,1338870,2780220,0.48156980382847403
2016,CO,"Trump, Donald J.",republican,1202484,2780220,0.4325139737143104
2016,CT,"Clinton, Hillary",democrat,897572,1644920,0.5456630109670987
2016,CT,"Trump, Donald J.",republican,673215,1644920,0.40926914378814777
2016,DE,"Clinton, Hillary",democrat,235603,441590,0.5335333680563419
2016,DE,"Trump, Donald J.",republican,185127,441590,0.41922824339319276
2016,DC,"Clinton, Hillary",democrat,282830,312575,0.9048388386787171
2016,FL,"Trump, Donald J.",republican,4617886,9420039,0.49021941416590736
2016,FL,"Clinton, Hillary",democrat,4504975,9420039,0.4782331580580505
2016,GA,"Trump, Donald J.",republican,2089104,4114732,0.50771326054771
2016,GA,"Clinton, Hillary",democrat,1877963,4114732,0.4563998335736082
2016,HI,"Clinton, Hillary",democrat,266891,437664,0.6098079805512905
2016,HI,"Trump, Donald J.",republican,128847,437664,0.29439707172625573
2016,ID,"Trump, Donald J.",republican,409055,690255,0.5926143236919689
2016,ID,"Clinton, Hillary",democrat,189765,690255,0.27492013820979205
2016,IL,"Clinton, Hillary",democrat,3090729,5536424,0.558253666987933
2016,IL,"Trump, Donald J.",republican,2146015,5536424,0.3876175307382527
2016,IN,"Trump, Donald J.",republican,1557286,2734958,0.5694003344841128
2016,IN,"Clinton, Hillary",democrat,1033126,2734958,0.37774839686752043
2016,IA,"Trump, Donald J.",republican,800983,1565580,0.5116206134467737
2016,IA,"Clinton, Hillary",democrat,653669,1565580,0.41752513445496237
2016,KS,"Trump, Donald J.",republican,671018,1184402,0.5665458180583958
2016,KS,"Clinton, Hillary",democrat,427005,1184402,0.36052370732234496
2016,KY,"Trump, Donald J.",republican,1202971,1924149,0.6251963855190009
2016,KY,"Clinton, Hillary",democrat,628854,1924149,0.3268218833364776
2016,LA,"Trump, Donald J.",republican,1178638,2029032,0.580886846535688
2016,LA,"Clinton, Hillary",democrat,780154,2029032,0.3844956609851397
2016,ME,"Clinton, Hillary",democrat,357735,771892,0.4634521409730895
2016,ME,"Trump, Donald J.",republican,335593,771892,0.43476678084498865
2016,MD,"Clinton, Hillary",democrat,1677928,2781446,0.6032574423519277
2016,MD,"Trump, Donald J.",republican,943169,2781446,0.3390930472854767
2016,MA,"Clinton, Hillary",democrat,1995196,3378821,0.5905006509667129
2016,MA,"Trump, Donald J.",republican,1090893,3378821,0.3228620279085515
2016,MI,"Trump, Donald J.",republican,2279543,4799284,0.47497564219996147
2016,MI,"Clinton, Hillary",democrat,2268839,4799284,0.4727453095086684
2016,MN,"Clinton, Hillary",democrat,1367705,2944782,0.4644503396176695
2016,MN,"Trump, Donald J.",republican,1322949,2944782,0.4492519310427733
2016,MS,"Trump, Donald J.",republican,700714,1209357,0.5794103808883564
2016,MS,"Clinton, Hillary",democrat,485131,1209357,0.40114788271784096
2016,MO,"Trump, Donald J.",republican,1594511,2808605,0.5677234783816165
2016,MO,"Clinton, Hillary",democrat,1071068,2808605,0.3813523083523671
2016,MT,"Trump, Donald J.",republican,279240,494526,0.5646619186857719
2016,MT,"Clinton, Hillary",democrat,177709,494526,0.35935218775150346
2016,NE,"Trump, Donald J.",republican,495961,844227,0.5874735112712576
2016,NE,"Clinton, Hillary",democrat,284494,844227,0.33698756377135536
2016,NV,"Clinton, Hillary",democrat,539260,1125385,0.4791782367811904
2016,NV,"Trump, Donald J.",republican,512058,1125385,0.4550069531760242
2016,NH,"Clinton, Hillary",democrat,348526,744296,0.46826262669690555
2016,NH,"Trump, Donald J.",republican,345790,744296,0.46458666981953417
2016,NJ,"Clinton, Hillary",democrat,2148278,3874046,0.554530844496942
2016,NJ,"Trump, Donald J.",republican,1601933,3874046,0.4135038665002945
2016,NM,"Clinton, Hillary",democrat,385234,798319,0.48255647178634103
2016,NM,"Trump, Donald J.",republican,319667,798319,0.40042514333242724
2016,NY,"Clinton, Hillary",democrat,4379789,7802084,0.5613614259984896
2016,NY,"Trump, Donald J.",republican,2527142,7802084,0.32390602305742927
2016,NC,"Trump, Donald J.",republican,2362631,4741564,0.49828094696180414
2016,NC,"Clinton, Hillary",democrat,2189316,4741564,0.46172866168209475
2016,ND,"Trump, Donald J.",republican,216794,344360,0.629556278313393
2016,ND,"Clinton, Hillary",democrat,93758,344360,0.27226739458706006
2016,OH,"Trump, Donald J.",republican,2841005,5496487,0.5168765067578619
2016,OH,"Clinton, Hillary",democrat,2394164,5496487,0.4355807627672002
2016,OK,"Trump, Donald J.",republican,949136,1452992,0.6532286481962736
2016,OK,"Clinton, Hillary",democrat,420375,1452992,0.2893168028454389
2016,OR,"Clinton, Hillary",democrat,1002106,2001336,0.5007185200286208
2016,OR,"Trump, Donald J.",republican,782403,2001336,0.39094035184496756
2016,PA,"Trump, Donald J.",republican,2970733,6115402,0.4857788580374602
2016,PA,"Clinton, Hillary",democrat,2926441,6115402,0.4785361616456285
2016,RI,"Clinton, Hillary",democrat,252525,464144,0.5440660657037472
2016,RI,"Trump, Donald J.",republican,180543,464144,0.3889805749939674
2016,SC,"Trump, Donald J.",republican,1155389,2103027,0.5493933268569543
2016,SC,"Clinton, Hillary",democrat,855373,2103027,0.4067341978966509
2016,SD,"Trump, Donald J.",republican,227721,370093,0.615307503789588
2016,SD,"Clinton, Hillary",democrat,117458,370093,0.3173742815994899
2016,TN,"Trump, Donald J.",republican,1522925,2508027,0.6072203369421462
2016,TN,"Clinton, Hillary",democrat,870695,2508027,0.34716332798650096
2016,TX,"Trump, Donald J.",republican,4685047,8969226,0.5223468557933538
2016,TX,"Clinton, Hillary",democrat,3877868,8969226,0.4323525798101196
2016,UT,"Trump, Donald J.",republican,515211,1131317,0.4554081658810042
2016,UT,"Clinton, Hillary",democrat,310674,1131317,0.2746126859226901
2016,UT,"McMullin, Evan",no party affiliation,255060,1131317,0.22545405045623818
2016,VT,"Clinton, Hillary",democrat,178573,320467,0.5572274212321393
2016,VT,"Trump, Donald J.",republican,95369,320467,0.29759382401308093
2016,VA,"Clinton, Hillary",democrat,1981473,3982752,0.49751352833417695
2016,VA,"Trump, Donald J.",republican,1769443,3982752,0.44427647013924043
2016,WA,"Clinton, Hillary",democrat,1742718,3317019,0.5253868006182659
2016,WA,"Trump, Donald J.",republican,1221747,3317019,0.3683268018663746
2016,WV,"Trump, Donald J.",republican,489371,713051,0.6863057481161936
2016,WV,"Clinton, Hillary",democrat,188794,713051,0.26476928017771517
2016,WI,"Trump, Donald J.",republican,1405284,2976150,0.4721818456731012
2016,WI,"Clinton, Hillary",democrat,1382536,2976150,0.4645384137224266
2016,WY,"Trump, Donald J.",republican,174419,258788,0.6739841105460841
2016,WY,"Clinton, Hillary",democrat,55973,258788,0.2162890087639303
